invader;code;artist;address;invaders.geo;lat;lon
Space Invader PA_0844;PA_0844;PA;20 rue de Courcelles, Paris, France;20 Rue de Courcelles, 75008 Paris, France;48.87418;2.31027
Space Invader PA_0918;PA_0918;PA;20 rue de Courcelles, Paris, France;20 Rue de Courcelles, 75008 Paris, France;48.87418;2.31027
Space Invader PA_1191;PA_1191;PA;le long de la D126B, Paris, France;Paris, Paris, France;48.85720825;2.341439962
Space Invader PA_1192;PA_1192;PA;le long de la D126B, Paris, France;Paris, Paris, France;48.85720825;2.341439962
Space Invader PA_1193;PA_1193;PA;le long de la D126B, Paris, France;Paris, Paris, France;48.85720825;2.341439962
Space Invader PA_1194;PA_1194;PA;le long de la D126B, Paris, France;Paris, Paris, France;48.85720825;2.341439962
Space Invader PA_1195;PA_1195;PA;le long de la D126B, Paris, France;Paris, Paris, France;48.85720825;2.341439962
Space Invader PA_0122;PA_0122;PA; rue de la Clef, Paris, France;Rue de la Clef, 75005 Paris, France;48.84211;2.35265
Space Invader PA_0872;PA_0872;PA; Le Point  Ephémère, Paris, France;Paris, Paris, France;48.85720825;2.341439962
Space Invader PA_1148;PA_1148;PA; Le Point  Ephémère, Paris, France;Paris, Paris, France;48.85720825;2.341439962
Space Invader PA_0114;PA_0114;PA;26 rue Vieille du Temple, Paris, France;26 Rue Vieille-du-Temple, 75004 Paris, France;48.85714;2.35734
Space Invader PA_1023;PA_1023;PA;26 rue Vieille du Temple, Paris, France;26 Rue Vieille-du-Temple, 75004 Paris, France;48.85714;2.35734
Space Invader PA_0287;PA_0287;PA;12 rue Vieille du Temple, Paris, France;12 Rue Vieille-du-Temple, 75004 Paris, France;48.85646;2.35681
Space Invader PA_1156;PA_1156;PA;12 rue Vieille du Temple, Paris, France;12 Rue Vieille-du-Temple, 75004 Paris, France;48.85646;2.35681
Space Invader PA_0316;PA_0316;PA;rue des Artistes, Paris, France;Rue des Artistes, 75014 Paris, France;48.82649;2.3346
Space Invader PA_0940;PA_0940;PA;rue des Artistes, Paris, France;Rue des Artistes, 75014 Paris, France;48.82649;2.3346
Space Invader PA_0654;PA_0654;PA;39 rue de Charonne, Paris, France;39 Rue de Charonne, 75011 Paris, France;48.85335;2.37649
Space Invader PA_0451;PA_0451;PA;39 rue de Charonne, Paris, France;39 Rue de Charonne, 75011 Paris, France;48.85335;2.37649
Space Invader PA_0973;PA_0973;PA;square Emile Chautemps, Paris, France;Square Émile-Chautemps, Paris, France;48.86740875;2.353174925
Space Invader PA_0974;PA_0974;PA;square Emile Chautemps, Paris, France;Square Émile-Chautemps, Paris, France;48.86740875;2.353174925
Space Invader PA_0975;PA_0975;PA;square Emile Chautemps, Paris, France;Square Émile-Chautemps, Paris, France;48.86740875;2.353174925
Space Invader PA_0102;PA_0102;PA;42 boulevard de l'Hôpital, Paris, France;42 Boulevard de l'Hôpital, 75005 Paris, France;48.84008;2.36155
Space Invader PA_0564;PA_0564;PA;42 boulevard de l'Hôpital, Paris, France;42 Boulevard de l'Hôpital, 75005 Paris, France;48.84008;2.36155
Space Invader PA_0470;PA_0470;PA; 64 rue Tiquetonne, Paris, France;64 Rue Tiquetonne, 75002 Paris, France;48.86484;2.34551
Space Invader PA_1057;PA_1057;PA; 64 rue Tiquetonne, Paris, France;64 Rue Tiquetonne, 75002 Paris, France;48.86484;2.34551
Space Invader PA_1062;PA_1062;PA; 64 rue Tiquetonne, Paris, France;64 Rue Tiquetonne, 75002 Paris, France;48.86484;2.34551
Space Invader PA_0062;PA_0062;PA;99 rue de Réaumur, Paris, France;99 Rue Réaumur, 75002 Paris, France;48.86764;2.3455499
Space Invader PA_1078;PA_1078;PA;99 rue de Réaumur, Paris, France;99 Rue Réaumur, 75002 Paris, France;48.86764;2.3455499
Space Invader PA_1235;PA_1235;PA;72 rue Claude Bernard, Paris, France;72 Rue Claude Bernard, 75005 Paris, France;48.84047;2.34587
Space Invader PA_1236;PA_1236;PA;72 rue Claude Bernard, Paris, France;72 Rue Claude Bernard, 75005 Paris, France;48.84047;2.34587
Space Invader PA_1060;PA_1060;PA; villa de Guelma, Paris, France;Guelma, Algeria;36.46590042;7.428360939
Space Invader PA_1077;PA_1077;PA; 65 rue des Abbesses, Paris, France;65 Rue des Abbesses, 75018 Paris, France;48.8857;2.33491
Space Invader PA_1053;PA_1053;PA; 8 place des Abbesses, Paris, France;8 Place des Abbesses, 75018 Paris, France;48.88421;2.3386999
Space Invader PA_0161;PA_0161;PA; 17 rue Yvonne Le Tac, Paris, France;17 Rue Yvonne le Tac, 75018 Paris, France;48.88416;2.33955
Space Invader PA_0066;PA_0066;PA;63 rue des Trois Frères, Paris, France;63 Rue des Trois Frères, 75018 Paris, France;48.8855999;2.33815
Space Invader PA_0067;PA_0067;PA;63 rue des Trois Frères, Paris, France;63 Rue des Trois Frères, 75018 Paris, France;48.8855999;2.33815
Space Invader PA_0068;PA_0068;PA;63 rue des Trois Frères, Paris, France;63 Rue des Trois Frères, 75018 Paris, France;48.8855999;2.33815
Space Invader PA_0604;PA_0604;PA; 36 rue Erard, Paris, France;36 Rue Erard, 75012 Paris, France;48.8467;2.38691
Space Invader PA_0981;PA_0981;PA; place du Colonel Bourgouin, Paris, France;Place du Colonel Bourgoin, 75012 Paris, France;48.8449;2.3832
Space Invader PA_1024;PA_1024;PA; 198 rue du Faubourg Saint-Antoine, Paris, France;198 Rue du Faubourg Saint-Antoine, 75012 Paris, France;48.8500299;2.38409
Space Invader PA_0013;PA_0013;PA; 47 avenue Daumesnil, Paris, France;47 Avenue Daumesnil, 75012 Paris, France;48.84739;2.37554
Space Invader PA_0223;PA_0223;PA; 20 rue Abel, Paris, France;20 Rue Abel, 75012 Paris, France;48.84814;2.37605
Space Invader PA_0371;PA_0371;PA; Ouest de la fontaine de Montreuil, Paris, France;Paris, Paris, France;48.85720825;2.341439962
Space Invader PA_0016;PA_0016;PA; 76 avenue Ledru-Rollin, Paris, France;76 Avenue Ledru-Rollin, 75012 Paris, France;48.84937;2.37419
Space Invader PA_0015;PA_0015;PA; 24 rue de Cîteaux, Paris, France;24 Rue du Château, 75014 Paris, France;48.8378;2.31763
Space Invader PA_1082;PA_1082;PA; place d'Aligre, Paris, France;Place d'Aligre, 75012 Paris, France;48.84894;2.37874
Space Invader PA_1227;PA_1227;PA; 129 coulée verte René-Dumont, Paris, France;Paris, Paris, France;48.85720825;2.341439962
Space Invader PA_0934;PA_0934;PA; 76 rue de Vouillé, Paris, France;Rue de Vouillé, 75015 Paris, France;48.83397;2.3078
Space Invader PA_0901;PA_0901;PA; 1 rue Léon Delhomme, Paris, France;1 Rue Léon Delhomme, 75015 Paris, France;48.83849;2.3001999
Space Invader PA_1208;PA_1208;PA; 35 rue Castagnary, Paris, France;35 Rue Castagnary, 75015 Paris, France;48.8340699;2.30947
Space Invader PA_1272;PA_1272;PA; 1 rue Vouillé, Paris, France;1 Rue de Vouillé, 75015 Paris, France;48.8354799;2.30288
Space Invader PA_1069;PA_1069;PA; 121 rue des Amandiers, Paris, France;121 Rue des Amandiers, 75020 Paris, France;48.86819;2.38806
Space Invader PA_0453;PA_0453;PA; 24 à 32 rue des Amandiers, Paris, France;24 Rue des Amandiers, 75020 Paris, France;48.86432;2.38948
Space Invader PA_1028;PA_1028;PA; 9 rue des Maronites, Paris, France;9 Rue des Maronites, 75020 Paris, France;48.86815;2.38354
Space Invader PA_0307;PA_0307;PA; 77 rue de Ménilmontant, Paris, France;77 Rue de Ménilmontant, 75020 Paris, France;48.86859;2.38901
Space Invader PA_0410;PA_0410;PA; 0 rue de la Mare, Paris, France;Rue de la Mare, 75020 Paris, France;48.87104;2.38982
Space Invader PA_1211;PA_1211;PA; 1 passage Mondésir, Paris, France;Passage Mondétour, 75001 Paris, France;48.86256;2.34696
Space Invader PA_0621;PA_0621;PA; porte de Pantin, Paris, France;Porte de Pantin, Paris, France;48.88800049;2.387000084
Space Invader PA_0645;PA_0645;PA; rue Charles Monselet, Paris, France;Rue Charles Monselet, 75019 Paris, France;48.8796;2.40048
Space Invader PA_0649;PA_0649;PA; 1 rue Gaston Pinot, Paris, France;1 Rue Gaston Pinot, 75019 Paris, France;48.88286;2.39008
Space Invader PA_0985;PA_0985;PA; 52 boulevard Sérurier, Paris, France;52 Boulevard Sérurier, 75019 Paris, France;48.87983;2.39947
Space Invader PA_1219;PA_1219;PA; 261 rue de Belleville, Paris, France;261 Rue de Belleville, 75019 Paris, France;48.87559;2.39897
Space Invader PA_1231;PA_1231;PA;28 rue Eugène Jumin, Paris, France;28 Rue Eugène Jumin, 75019 Paris, France;48.88803;2.39223
Space Invader PA_1237;PA_1237;PA;28 rue Eugène Jumin, Paris, France;28 Rue Eugène Jumin, 75019 Paris, France;48.88803;2.39223
Space Invader PA_1247;PA_1247;PA; Hôpital Robert Debré, Paris, France;Rue de l'Hôpital Saint-Louis, 75010 Paris, France;48.87505;2.36525
Space Invader PA_0984;PA_0984;PA; 1 place Rhin et Danube, Paris, France;1 Place Rhin et Danube, 75019 Paris, France;48.88221;2.39285
Space Invader PA_0910;PA_0910;PA; 72 avenue Jean Jaurès, Paris, France;72 Avenue Jean Jaurès, 75019 Paris, France;48.88453;2.37747
Space Invader PA_0220;PA_0220;PA; métro Quai de la Gare, Paris, France;Métro-Quai de la Gare, Paris, France;48.83745956;2.373749971
Space Invader PA_0936;PA_0936;PA; boulevard de l'Hôpital sous le métro, Paris, France;Boulevard de l'Hôpital, 75013 Paris, France;48.83789;2.3602599
Space Invader PA_0147;PA_0147;PA; gare d'Austerlitz, Paris, France;Gare d'Austerlitz, Paris, France;48.84222412;2.365833044
Space Invader PA_0053;PA_0053;PA; face au 16 boulevard Vincent Auriol, Paris, France;16 Boulevard Vincent Auriol, 75013 Paris, France;48.83697;2.3722
Space Invader PA_1173;PA_1173;PA; terrasse du Wanderlust, Paris, France;Paris, Paris, France;48.85720825;2.341439962
Space Invader PA_1093;PA_1093;PA; Cité de la Mode et du Design, Paris, France;Rue de la Cité, 75004 Paris, France;48.85462;2.34771
Space Invader PA_0761;PA_0761;PA; 1 quai Louis Blériot, Paris, France;1 Quai Louis Blériot, 75016 Paris, France;48.85118;2.2785
Space Invader PA_0650;PA_0650;PA; 1 rue Desaugiers, Paris, France;1 Rue Désaugiers, 75016 Paris, France;48.84742;2.26803
Space Invader PA_1116;PA_1116;PA; 74 rue d'Avron, Paris, France;74 Rue d'Avron, 75020 Paris, France;48.85232;2.40446
Space Invader PA_1142;PA_1142;PA; 8 rue de la Plaine, Paris, France;8 Rue de la Plaine, 75020 Paris, France;48.8497317;2.3998205
Space Invader PA_1149;PA_1149;PA; 42 boulevard de Charonne, Paris, France;42 Boulevard de Charonne, 75020 Paris, France;48.85113;2.3988
Space Invader PA_0700;PA_0700;PA; 65 rue des Pyrénées, Paris, France;65 Rue des Prés-Paris, 74970 Marignier, France;46.0842519;6.5133615
Space Invader PA_1242;PA_1242;PA; 26 rue de la Plaine, Paris, France;26 Rue de la Plaine, 75020 Paris, France;48.84985;2.40261
Space Invader PA_0547;PA_0547;PA; place Fréhel, Paris, France;Place Frehel, 75020 Paris, France;48.87314;2.38178
Space Invader PA_0577;PA_0577;PA; 5 rue Levert, Paris, France;5 Rue Levert, 75020 Paris, France;48.8737;2.39042
Space Invader PA_0732;PA_0732;PA; 2 rue Jouye-Rouve, Paris, France;2 Rue Jouye-Rouve, 75020 Paris, France;48.87325;2.3825599
Space Invader PA_0221;PA_0221;PA; 91 rue Rebeval, Paris, France;91 Rue Rébeval, 75019 Paris, France;48.87393;2.38266
Space Invader PA_0826;PA_0826;PA; 22 rue Denoyez, Paris, France;22 Rue Dénoyez, 75020 Paris, France;48.87205;2.3783599
Space Invader PA_0995;PA_0995;PA; place du Docteur Félix Lobligeois, Paris, France;Place du Docteur Félix Lobligeois, 75017 Paris, France;48.88704;2.31752
Space Invader PA_0728;PA_0728;PA; 18 rue Caroline, Paris, France;18 Rue Caroline, 75017 Paris, France;48.88355;2.32343
Space Invader PA_0273;PA_0273;PA; 21 rue Aubry le Boucher, Paris, France;21 Rue Aubry-le-Boucher, 75004 Paris, France;48.86037;2.35
Space Invader PA_0926;PA_0926;PA; 149 rue Saint-Martin, Paris, France;149 Rue Saint-Martin, 75003 Paris, France;48.8618499;2.35167
Space Invader PA_0612;PA_0612;PA; 14 rue du Renard, Paris, France;14 Rue du Renard, 75004 Paris, France;48.85883;2.3525999
Space Invader PA_0997;PA_0997;PA; 61 rue Quincampoix, Paris, France;61 Rue Quincampoix, 75004 Paris, France;48.8616699;2.35076
Space Invader PA_0722;PA_0722;PA; 11 rue Michel Lecomte, Paris, France;11 Rue Michel le Comte, 75003 Paris, France;48.86209;2.35622
Space Invader PA_0769;PA_0769;PA; 65 rue du Temple, Paris, France;65 Rue Vieille-du-Temple, 75004 Paris, France;48.85872;2.35849
Space Invader PA_0189;PA_0189;PA; 3 rue Geoffroy Langevin, Paris, France;3 Rue Geoffroy l'Angevin, 75004 Paris, France;48.86055;2.35442
Space Invader PA_0953;PA_0953;PA; 9 rue du Plâtre, Paris, France;9 Rue du Plâtre, 75004 Paris, France;48.8592;2.35484
Space Invader PA_1170;PA_1170;PA; 45 rue des Gravilliers, Paris, France;45 Rue des Gravilliers, 75003 Paris, France;48.86415;2.35543
Space Invader PA_1172;PA_1172;PA; 93 rue de la Verrerie, Paris, France;93 Rue de la Verrerie, 75004 Paris, France;48.85882;2.35067
Space Invader PA_0585;PA_0585;PA; métro Rambuteau, Paris, France;Métro-Rambuteau, Paris, France;48.86099243;2.353472948
Space Invader PA_0815;PA_0815;PA; 15 rue du Renard, Paris, France;15 Rue du Renard, 75004 Paris, France;48.8585485;2.3517952
Space Invader PA_0436;PA_0436;PA; Centre culturel de Serbie, Paris, France;Serbia;44.23119736;20.79398155
Space Invader PA_0282;PA_0282;PA; 61 rue de la Verrerie, Paris, France;61 Rue de la Verrerie, 75004 Paris, France;48.85803;2.35268
Space Invader PA_0030;PA_0030;PA; 44 rue Quincampoix, Paris, France;44 Rue Quincampoix, 75004 Paris, France;48.86094;2.35052
Space Invader PA_0110;PA_0110;PA; 91 rue Quincampoix, Paris, France;91 Rue Quincampoix, 75003 Paris, France;48.86257;2.35122
Space Invader PA_0156;PA_0156;PA; 2 rue Simon le Franc, Paris, France;2 Rue Simon le Franc, 75004 Paris, France;48.85993;2.35424
Space Invader PA_0109;PA_0109;PA; tuyau d'évacuation du Centre Pompidou, Paris, France;MusÃ©e National d'Art Moderne, Paris, France;48.86130905;2.352334976
Space Invader PA_0002;PA_0002;PA; 45 rue Quincampoix, Paris, France;45 Rue Quincampoix, 75004 Paris, France;48.86103;2.35045
Space Invader PA_1249;PA_1249;PA; 24 rue de la Verrerie, Paris, France;24 Rue de la Verrerie, 75004 Paris, France;48.85746;2.35452
Space Invader PA_1265;PA_1265;PA; Centre Georges Pompidou, Paris, France;Beaubourg, Paris, France;48.86051941;2.352425098
Space Invader PA_0331;PA_0331;PA; 2 rue Pierre au Lard, Paris, France;2 Rue Pierre au Lard, 75004 Paris, France;48.85945;2.35306
Space Invader PA_0059;PA_0059;PA; 1 rue Lacordaire, Paris, France;1 Rue Lacordaire, 75015 Paris, France;48.84427;2.2846099
Space Invader PA_0970;PA_0970;PA; allée des Cygnes, Paris, France;Allée des Cygnes, Paris, France;48.85064316;2.28087306
Space Invader PA_0433;PA_0433;PA; 33 rue de Sibuet, Paris, France;33 Rue Sibuet, 75012 Paris, France;48.84335;2.40227
Space Invader PA_0809;PA_0809;PA; 7 rue Lasson, Paris, France;7 Rue Lasson, 75012 Paris, France;48.84324;2.40627
Space Invader PA_1110;PA_1110;PA; direction de la Voirie et des Déplacements, Paris, France;Paris, Paris, France;48.85720825;2.341439962
Space Invader PA_1121;PA_1121;PA; 52 cours de Vincennes, Paris, France;52 Cours de Vincennes, 75012 Paris, France;48.84732;2.40361
Space Invader PA_1183;PA_1183;PA; 9 rue Marsoulan, Paris, France;9 Rue Marsoulan, 75012 Paris, France;48.84565;2.40297
Space Invader PA_1214;PA_1214;PA; 42 rue Leroy Dupré, Paris, France;42 Rue Leroy Dupré, 75012 Paris, France;48.84297;2.40189
Space Invader PA_1224;PA_1224;PA; 57 avenue du docteur Netter, Paris, France;57 Avenue du Docteur Arnold Netter, 75012 Paris, France;48.84492;2.40565
Space Invader PA_1225;PA_1225;PA;100 cours de Vincennes, Paris, France;100 Cours de Vincennes, 75012 Paris, France;48.84689;2.40843
Space Invader PA_1226;PA_1226;PA;100 cours de Vincennes, Paris, France;100 Cours de Vincennes, 75012 Paris, France;48.84689;2.40843
Space Invader PA_1133;PA_1133;PA; 19 rue Montera, Paris, France;19 Rue Montéra, 75012 Paris, France;48.84535;2.40891
Space Invader PA_0921;PA_0921;PA; pont de Bercy/quai de Bercy, Paris, France;Quai de Bercy, 75012 Paris, France;48.83312;2.38278
Space Invader PA_0922;PA_0922;PA; pont de Bercy/quai d'Austerlitz, Paris, France;Quai d'Austerlitz, 75013 Paris, France;48.84251;2.36706
Space Invader PA_0036;PA_0036;PA; face au 7 boulevard Vincent Auriol, Paris, France;7 Boulevard Vincent Auriol, 75013 Paris, France;48.83694;2.37335
Space Invader PA_0757;PA_0757;PA; place Marcel Sembat, Paris, France;Square Marcel Sembat, 75018 Paris, France;48.89879;2.33889
Space Invader PA_0758;PA_0758;PA; 44 quai du Point du Jour, Paris, France;44 Quai du Point-du-Jour, 92100 Boulogne-Billancourt, France;48.8308542;2.2569163
Space Invader PA_0269;PA_0269;PA; sur le Chasseur à pied de la Redoute de Gravelle, Paris, France;Redoute de Gravelle, Paris, France;48.81888962;2.454443932
Space Invader PA_0395;PA_0395;PA; 14 rue Chomel, Paris, France;Rue Chomel, 75007 Paris, France;48.85215;2.32571
Space Invader PA_0374;PA_0374;PA; 29 boulevard Raspail, Paris, France;29 Boulevard Raspail, 75007 Paris, France;48.85315;2.32659
Space Invader PA_0624;PA_0624;PA; 10 rue de Sèvres, Paris, France;10 Rue de Sèvres, 75007 Paris, France;48.85193;2.32835
Space Invader PA_0345;PA_0345;PA; 95 rue de Sèvres, Paris, France;95 Rue de Sèvres, 75006 Paris, France;48.84882;2.32154
Space Invader PA_0308;PA_0308;PA; 2 quai du 4 septembre, Paris, France;Square du 4 Septembre, 59500 Douai, France;50.36449;3.08976
Space Invader PA_0403;PA_0403;PA; porte N-E du parc George Brassens, Paris, France;Parc Georges Brassens, Paris, France;48.83274078;2.300570011
Space Invader PA_0405;PA_0405;PA; face au 110 rue Castagnary, Paris, France;110 Rue Castagnary, 75015 Paris, France;48.83019;2.30559
Space Invader PA_1123;PA_1123;PA; 1 rue Santos-Dumont, Paris, France;1 Rue Santos Dumont, 75015 Paris, France;48.8343;2.30574
Space Invader PA_0366;PA_0366;PA; 127 rue Castagnary, Paris, France;127 Rue Castagnary, 75015 Paris, France;48.82991;2.30347
Space Invader PA_1279;PA_1279;PA; 86 Boulevard Lefebvre, Paris, France;86 Boulevard Lefebvre, 75015 Paris, France;48.8288;2.29949
Space Invader PA_0938;PA_0938;PA; face au 91 boulevard Auguste Blanqui, Paris, France;91 Boulevard Auguste Blanqui, 75013 Paris, France;48.82997;2.34646
Space Invader PA_1103;PA_1103;PA; 3 passage du Moulin des Prés, Paris, France;3 Passage du Moulin des Prés, 75013 Paris, France;48.82912;2.35327
Space Invader PA_0055;PA_0055;PA; 43 rue du Moulin des Prés, Paris, France;43 Rue du Moulin des Prés, 75013 Paris, France;48.82765;2.3529399
Space Invader PA_0078;PA_0078;PA; 21 passage du Moulin des Prés, Paris, France;Passage du Moulin des Prés, 75013 Paris, France;48.82904;2.3532
Space Invader PA_0056;PA_0056;PA; 10 rue Simonet, Paris, France;10 Rue Simonet, 75013 Paris, France;48.82873;2.35155
Space Invader PA_0079;PA_0079;PA; 5 rue Chéreau, Paris, France;5 Rue Chéreau, 75013 Paris, France;48.82785;2.35146
Space Invader PA_0166;PA_0166;PA; face au 21 rue Georges Auric, Paris, France;21 Rue Georges Auric, 75019 Paris, France;48.88519;2.38525
Space Invader PA_0671;PA_0671;PA; 54 avenue Bolivar, Paris, France;54 Avenue Simon Bolivar, 75019 Paris, France;48.87655;2.37805
Space Invader PA_0438;PA_0438;PA; petite ceinture pont de la rue Manin, Paris, France;Rue Manin, 75019 Paris, France;48.88333;2.38841
Space Invader PA_0201;PA_0201;PA; 19 rue Georges Lardennois, Paris, France;19 Rue Georges Lardennois, 75019 Paris, France;48.87807;2.37691
Space Invader PA_0935;PA_0935;PA; 2 rue Cambronne, Paris, France;2 Rue Cambronne, 75015 Paris, France;48.84689;2.30116
Space Invader PA_0941;PA_0941;PA; 103 rue Cambronne, Paris, France;103 Rue Cambronne, 75015 Paris, France;48.84178;2.30343
Space Invader PA_0847;PA_0847;PA; métro Volontaires, Paris, France;Métro-Volontaires, Paris, France;48.84181976;2.307838917
Space Invader PA_1141;PA_1141;PA; Agence Spatiale Européenne, Paris, France;Paris, Paris, France;48.85720825;2.341439962
Space Invader PA_1284;PA_1284;PA; pont ferroviaire, Paris, France;Paris, Paris, France;48.85720825;2.341439962
Space Invader PA_0207;PA_0207;PA; 7 rue Damrémont, Paris, France;7 Rue Damrémont, 75018 Paris, France;48.8876599;2.33256
Space Invader PA_0439;PA_0439;PA; 134 boulevard de Clichy, Paris, France;134 Boulevard de Clichy, 75018 Paris, France;48.88412;2.32831
Space Invader PA_1289;PA_1289;PA;place de l'Alma, Paris, France;Place de l'Alma, 75008 Paris, France;48.86443;2.3017599
Space Invader PA_1290;PA_1290;PA;place de l'Alma, Paris, France;Place de l'Alma, 75008 Paris, France;48.86443;2.3017599
Space Invader PA_0456;PA_0456;PA; 1 place d'Iéna, Paris, France;1 Place d'Iéna, 75116 Paris, France;48.86453;2.2942999
Space Invader PA_0514;PA_0514;PA; Palais de Tokyo, Paris, France;Palais de Tokyo, Paris, France;48.86412048;2.297209978
Space Invader PA_0424;PA_0424;PA; 13 rue de la Manutention, Paris, France;Rue de la Manutention, 75116 Paris, France;48.86407;2.296
Space Invader PA_1257;PA_1257;PA; 1 avenue du Président Wilson, Paris, France;1 Avenue du Président Wilson, 75116 Paris, France;48.86478;2.3003
Space Invader PA_0534;PA_0534;PA; entrée du Palais de Tokyo, Paris, France;Palais de Tokyo, Paris, France;48.86412048;2.297209978
Space Invader PA_0381;PA_0381;PA; place Joffre, Paris, France;Place Joffre, 75007 Paris, France;48.85274;2.30319
Space Invader PA_0980;PA_0980;PA; sous le pont du boulevard de Bercy, Paris, France;Boulevard de Bercy, 75012 Paris, France;48.83969;2.3839
Space Invader PA_1261;PA_1261;PA; 73 boulevard de Bercy, Paris, France;Boulevard de Bercy, 75012 Paris, France;48.83969;2.3839
Space Invader PA_1285;PA_1285;PA; porte de Bagnolet, Paris, France;Porte de Bagnolet, Paris, France;48.8645668;2.407278061
Space Invader PA_0785;PA_0785;PA; face au 130 rue de Bagnolet, Paris, France;130 Rue de Bagnolet, 75020 Paris, France;48.86088;2.40502
Space Invader PA_0817;PA_0817;PA; 1 rue Saint-Blaise, Paris, France;1 Rue Saint-Blaise, 75020 Paris, France;48.86018;2.40431
Space Invader PA_0119;PA_0119;PA;102 rue de Bagnolet, Paris, France;102 Rue de Bagnolet, 75020 Paris, France;48.85936;2.40271
Space Invader PA_0824;PA_0824;PA;102 rue de Bagnolet, Paris, France;102 Rue de Bagnolet, 75020 Paris, France;48.85936;2.40271
Space Invader PA_1045;PA_1045;PA; 3 rue de la Chine, Paris, France;3 Rue de la Chine, 75020 Paris, France;48.86465;2.4013
Space Invader PA_0771;PA_0771;PA; 132 rue des Pyrénées, Paris, France;132 Rue des Prés-Paris, 74970 Marignier, France;46.0839013;6.5128798
Space Invader PA_0830;PA_0830;PA; 68 rue des Orteaux, Paris, France;68 Rue des Orteaux, 75020 Paris, France;48.8561;2.40525
Space Invader PA_0610;PA_0610;PA; passage Stendhal, Paris, France;Passage Stendhal, 75020 Paris, France;48.8616699;2.4009999
Space Invader PA_0191;PA_0191;PA; 21 chemin du Parc de Charonne, Paris, France;21 Chemin du Parc de Charonne, 75020 Paris, France;48.86081;2.40285
Space Invader PA_1155;PA_1155;PA; pont piéton de la rue Lucien Lambeau, Paris, France;Rue Lucien Lambeau, 75020 Paris, France;48.85774;2.41319
Space Invader PA_0132;PA_0132;PA; 97 rue des Maraîchers, Paris, France;97 Rue des Maraîchers, 75020 Paris, France;48.85627;2.40529
Space Invader PA_1250;PA_1250;PA; 176 rue de Bagnolet, Paris, France;176 Rue de Bagnolet, 75020 Paris, France;48.864;2.40813
Space Invader PA_0278;PA_0278;PA; 53 rue des Maraîchers, Paris, France;53 Rue des Maraîchers, 75020 Paris, France;48.85295;2.40652
Space Invader PA_0350;PA_0350;PA; école primaire de l'avenue d'Ivry, Paris, France;Avenue d'Ivry, 75013 Paris, France;48.82382;2.36462
Space Invader PA_0225;PA_0225;PA; sur le pont du periph' porte d'Ivry, Paris, France;Métro-Porte d'Ivry, Paris, France;48.82165909;2.369950056
Space Invader PA_1178;PA_1178;PA; 82 boulevard Masséna, Paris, France;82 Boulevard Masséna, 75013 Paris, France;48.82141;2.3681899
Space Invader PA_1108;PA_1108;PA; 98 rue de Tolbiac, Paris, France;98 Rue de Tolbiac, 75013 Paris, France;48.8267743;2.3638612
Space Invader PA_1179;PA_1179;PA; 213 boulevard Vincent Auriol, Paris, France;213 Boulevard Vincent Auriol, 75013 Paris, France;48.83077;2.35672
Space Invader PA_1292;PA_1292;PA; 13 rue Darwin, Paris, France;13 Rue Darwin, 75018 Paris, France;48.8901899;2.33905
Space Invader PA_1022;PA_1022;PA; 27 rue Francoeur, Paris, France;27 Rue Francoeur, 75018 Paris, France;48.89084;2.34034
Space Invader PA_1232;PA_1232;PA; 102 rue du Mont Cenis, Paris, France;102 Rue du Mont-Cenis, 75018 Paris, France;48.89533;2.34601
Space Invader PA_1106;PA_1106;PA; 1 rue Ferdinand Flocon, Paris, France;1 Rue Ferdinand Flocon, 75018 Paris, France;48.89101;2.34549
Space Invader PA_0988;PA_0988;PA; métro Barbès-Rochechouart, Paris, France;Boulevard de Rochechouart, 75018 Paris, France;48.8825999;2.34339
Space Invader PA_0712;PA_0712;PA; 20 rue de Dunkerque, Paris, France;20 Rue de Dunkerque, 75010 Paris, France;48.88039;2.35346
Space Invader PA_1256;PA_1256;PA; 29 rue des Petits Hôtels, Paris, France;29 Rue des Petits-Hôtels, 75010 Paris, France;48.87756;2.35207
Space Invader PA_1112;PA_1112;PA; place de l'Iris, Paris, France;Villa des Iris, 75019 Paris, France;48.87757;2.4034399
Space Invader PA_0309;PA_0309;PA; 1 boulevard de l'Amiral Bruix, Paris, France;Boulevard de l'Amiral Bruix, 75116 Paris, France;48.87542;2.2799
Space Invader PA_1143;PA_1143;PA; place du Général Patton, Paris, France;Place du Général Patton, 75116 Paris, France;48.87618;2.28716
Space Invader PA_1144;PA_1144;PA; 18 rue Piccini, Paris, France;18 Rue Piccini, 75116 Paris, France;48.8749649;2.2841669
Space Invader PA_0560;PA_0560;PA; 65 boulevard Flandrin, Paris, France;65 Boulevard Flandrin, 75116 Paris, France;48.86855;2.27407
Space Invader PA_1216;PA_1216;PA; 1 rue Duret, Paris, France;1 Rue Duret, 75116 Paris, France;48.87334;2.28498
Space Invader PA_0939;PA_0939;PA; métro Denfert-Rochereau, Paris, France;Métro-Denfert Rochereau, Paris, France;48.83401489;2.331986904
Space Invader PA_0112;PA_0112;PA; 19 rue Gassendi, Paris, France;19 Rue Gassendi, 75014 Paris, France;48.83505;2.32702
Space Invader PA_0312;PA_0312;PA; parvis de Saint-Pierre de Montrouge, Paris, France;Saint-Pierre de Montrouge, Paris, France;48.82846451;2.327204943
Space Invader PA_1239;PA_1239;PA; 54 avenue Paul Vaillant Couturier, Paris, France;Avenue Paul Vaillant-Couturier, 75014 Paris, France;48.81652;2.33811
Space Invader PA_1071;PA_1071;PA; 58 rue d'Anjou, Paris, France;58 Rue d'Anjou, 75008 Paris, France;48.8739599;2.32269
Space Invader PA_1072;PA_1072;PA; 32 rue Pasquier, Paris, France;32 Rue Pasquier, 75008 Paris, France;48.87324;2.32371
Space Invader PA_1074;PA_1074;PA; 22 rue du Cirque, Paris, France;Rue du Cirque, 75008 Paris, France;48.8703999;2.31452
Space Invader PA_0776;PA_0776;PA; 14 rue Castellane, Paris, France;14 Rue de Castellane, 75008 Paris, France;48.8726;2.32428
Space Invader PA_1080;PA_1080;PA; Espace Pierre Cardin, Paris, France;Espace Pierre Cardin, Paris, France;48.8675499;2.318408966
Space Invader PA_0413;PA_0413;PA; 3 boulevard Malsherbes, Paris, France;3 Boulevard Malesherbes, 75008 Paris, France;48.86996;2.32306
Space Invader PA_0449;PA_0449;PA; 73 rue du Faubourg Saint-Honoré, Paris, France;73 Rue du Faubourg Saint-Honoré, 75008 Paris, France;48.87149;2.31485
Space Invader PA_0727;PA_0727;PA; 51 rue de Clichy, Paris, France;51 Rue de Clichy, 75009 Paris, France;48.88071;2.32859
Space Invader PA_0484;PA_0484;PA; 24 rue de Vienne, Paris, France;24 Rue de Vienne, 75008 Paris, France;48.87817;2.3228399
Space Invader PA_0583;PA_0583;PA; 2 impasse d'Amsterdam, Paris, France;2 Impasse d'Amsterdam, 75008 Paris, France;48.8778099;2.32647
Space Invader PA_0386;PA_0386;PA; croisement rue de Rome/bvd des Batignolles, Paris, France;Boulevard des Batignolles, 75017 Paris, France;48.88284;2.32365
Space Invader PA_0206;PA_0206;PA; place de Clichy, Paris, France;Place de Clichy, Paris, France;48.88351822;2.327394009
Space Invader PA_0945;PA_0945;PA; 81 rue de la Folie Méricourt, Paris, France;81 Rue de la Folie-Méricourt, 75011 Paris, France;48.86644;2.36977
Space Invader PA_0882;PA_0882;PA; 29 boulevard Jules Ferry, Paris, France;29 Boulevard Jules Ferry, 75011 Paris, France;48.86849;2.36705
Space Invader PA_0245;PA_0245;PA; 47 rue Oberkampf, Paris, France;47 Rue Oberkampf, 75011 Paris, France;48.86456;2.3719199
Space Invader PA_0774;PA_0774;PA; 119 avenue Parmentier, Paris, France;119 Avenue Parmentier, 75011 Paris, France;48.86857;2.3719
Space Invader PA_1206;PA_1206;PA; 22 avenue de la République, Paris, France;22 Avenue de la République, 75011 Paris, France;48.86622;2.36875
Space Invader PA_0522;PA_0522;PA; Square Jules Ferry, Paris, France;Square Jules Ferry, Paris, France;48.86767578;2.367933035
Space Invader PA_1248;PA_1248;PA; 101 boulevard Richard Lenoir, Paris, France;101 Boulevard Richard Lenoir, 75011 Paris, France;48.86407;2.37049
Space Invader PA_0730;PA_0730;PA; 6 rue Bleue, Paris, France;6 Rue Bleue, 75009 Paris, France;48.87589;2.34726
Space Invader PA_0931;PA_0931;PA; 2 rue Ambroise Thomas, Paris, France;2 Rue Ambroise Thomas, 75009 Paris, France;48.87415;2.34737
Space Invader PA_1007;PA_1007;PA; 11 rue Drouot, Paris, France;11 Rue Drouot, 75009 Paris, France;48.87338;2.34045
Space Invader PA_0930;PA_0930;PA; 8 rue de Trévise, Paris, France;8 Rue de Trévise, 75009 Paris, France;48.87318;2.34522
Space Invader PA_1124;PA_1124;PA; 11 rue Chauchat, Paris, France;11 Rue Chauchat, 75009 Paris, France;48.87324;2.33946
Space Invader PA_0724;PA_0724;PA; 4 rue Papillon, Paris, France;4 Rue Papillon, 75009 Paris, France;48.87595;2.34785
Space Invader PA_0703;PA_0703;PA; 47 rue de Charonne, Paris, France;47 Rue de Charonne, 75011 Paris, France;48.85338;2.3776799
Space Invader PA_0961;PA_0961;PA; 2 rue Trousseau, Paris, France;2 Rue Trousseau, 75011 Paris, France;48.85084;2.37867
Space Invader PA_0133;PA_0133;PA; 7 passage de la Main d'Or, Paris, France;7 Passage de la Main-d'Or, 75011 Paris, France;48.8516;2.37788
Space Invader PA_0944;PA_0944;PA; 10 rue Faidherbe, Paris, France;10 Rue Faidherbe, 75011 Paris, France;48.8509;2.3845
Space Invader PA_0908;PA_0908;PA; 10 cité Beauharnais, Paris, France;10 Cité Beauharnais, 75011 Paris, France;48.85362;2.38977
Space Invader PA_1098;PA_1098;PA; 1 cité Voltaire, Paris, France;1 Cité Voltaire, 75011 Paris, France;48.85257;2.38935
Space Invader PA_0452;PA_0452;PA; 5 passage Saint-Antoine, Paris, France;5 Passage Saint-Antoine, 75011 Paris, France;48.85284;2.3763899
Space Invader PA_0415;PA_0415;PA; 34 rue Titon, Paris, France;34 Rue Titon, 75011 Paris, France;48.85286;2.38636
Space Invader PA_0615;PA_0615;PA; 17 passage de la Bonne Graine, Paris, France;17 Passage de la Bonne Graine, 75011 Paris, France;48.85258;2.37664
Space Invader PA_0323;PA_0323;PA; 102 rue de Charonne, Paris, France;102 Rue de Charonne, 75011 Paris, France;48.85441;2.38444
Space Invader PA_0369;PA_0369;PA; 7 rue Jules Vallès, Paris, France;7 Rue Jules Vallès, 75011 Paris, France;48.8533199;2.3850699
Space Invader PA_0226;PA_0226;PA; 83 rue d'Hauteville, Paris, France;83 Rue d'Hauteville, 75010 Paris, France;48.87684;2.35124
Space Invader PA_0947;PA_0947;PA; 105 rue du Faubourg Saint-Denis, Paris, France;105 Rue du Faubourg Saint-Denis, 75010 Paris, France;48.87505;2.35571
Space Invader PA_1011;PA_1011;PA; 1 rue Martel, Paris, France;1 Rue Martel, 75010 Paris, France;48.87352;2.35264
Space Invader PA_0948;PA_0948;PA; 33 rue du Faubourg Saint-Denis, Paris, France;33 Rue du Faubourg Saint-Denis, 75010 Paris, France;48.87092;2.35315
Space Invader PA_0946;PA_0946;PA; 1 rue de Metz, Paris, France;1 Rue de Metz, 75010 Paris, France;48.87064;2.35441
Space Invader PA_1067;PA_1067;PA; 1 rue de la Fidélité, Paris, France;1 Rue de la Fidélité, 75010 Paris, France;48.8745199;2.35674
Space Invader PA_1220;PA_1220;PA; 7 rue d'Enghien, Paris, France;7 Rue d'Enghien, 75010 Paris, France;48.87165;2.3527999
Space Invader PA_0881;PA_0881;PA; 20 rue du Bac, Paris, France;20 Rue du Bac, 75007 Paris, France;48.85819;2.32822
Space Invader PA_0630;PA_0630;PA; 30 rue de Martignac, Paris, France;30 Rue de Martignac, 75007 Paris, France;48.85755;2.31811
Space Invader PA_0797;PA_0797;PA; 77 rue de Lille, Paris, France;77 Rue de Lille, 75007 Paris, France;48.8599;2.32485
Space Invader PA_0880;PA_0880;PA; 4 rue de Beaune, Paris, France;4 Rue de Beaune, 75007 Paris, France;48.85888;2.32985
Space Invader PA_0801;PA_0801;PA; maison de Serge Gainsbourg, Paris, France;Maison De Serge Gainsbourg, Paris, France;48.85724258;2.331731081
Space Invader PA_0862;PA_0862;PA; 127 rue du Faubourg Saint-Honoré, Paris, France;127 Rue du Faubourg Saint-Honoré, 75008 Paris, France;48.87327;2.30941
Space Invader PA_0845;PA_0845;PA; 73 rue La Boétie, Paris, France;73 Rue La Boétie, 75008 Paris, France;48.87236;2.3097
Space Invader PA_0653;PA_0653;PA; 3 rue du Colisée, Paris, France;3 Rue du Colisée, 75008 Paris, France;48.87043;2.30726
Space Invader PA_1089;PA_1089;PA; 79 rue de la Boétie, Paris, France;79 Rue La Boétie, 75008 Paris, France;48.87207;2.30913
Space Invader PA_0423;PA_0423;PA; 63 avenue Franklin Delano Roosevelt, Paris, France;63 Avenue Franklin Delano Roosevelt, 75008 Paris, France;48.87187;2.30987
Space Invader PA_0892;PA_0892;PA; 7 avenue Myron Herrick, Paris, France;7 Avenue Myron Herrick, 75008 Paris, France;48.87376;2.30988
Space Invader PA_1101;PA_1101;PA; 7 avenue Matignon, Paris, France;7 Avenue Matignon, 75008 Paris, France;48.86992;2.31148
Space Invader PA_0178;PA_0178;PA; 165 rue du Faubourg Saint-Honoré, Paris, France;165 Rue du Faubourg Saint-Honoré, 75008 Paris, France;48.87466;2.30595
Space Invader PA_0069;PA_0069;PA; 40 rue du Banquier, Paris, France;40 Rue du Banquier, 75013 Paris, France;48.8347;2.35424
Space Invader PA_1180;PA_1180;PA; 47 avenue des Gobelins, Paris, France;47 Avenue des Gobelins, 75013 Paris, France;48.83518;2.35328
Space Invader PA_0024;PA_0024;PA; 73 avenue des Gobelins, Paris, France;73 Avenue des Gobelins, 75013 Paris, France;48.83339;2.35453
Space Invader PA_1293;PA_1293;PA; 2 rue Titien, Paris, France;2 Rue Titien, 75013 Paris, France;48.83599;2.35842
Space Invader PA_0146;PA_0146;PA; 2 rue Véronèse, Paris, France;2 Rue de Paris, 33700 Mérignac, France;44.82524;-0.61926
Space Invader PA_1228;PA_1228;PA; 22 rue Watteau, Paris, France;22 Rue Watteau, 75013 Paris, France;48.83449;2.35731
Space Invader PA_0870;PA_0870;PA; au dessus de chez Prune, Paris, France;Paris, Paris, France;48.85720825;2.341439962
Space Invader PA_0932;PA_0932;PA; Théâtre de la Renaissance, Paris, France;Théâtre de la Renaissance, Paris, France;48.86886978;2.357095957
Space Invader PA_1154;PA_1154;PA; 0 rue Léon Jouhaux, Paris, France;Rue Léon Jouhaux, 75010 Paris, France;48.86921;2.36456
Space Invader PA_1163;PA_1163;PA; 8 place Jacques Bonsergent, Paris, France;8 Place Jacques Bonsergent, 75010 Paris, France;48.8711399;2.36112
Space Invader PA_1019;PA_1019;PA; 23 rue des Vinaigriers, Paris, France;23 Rue des Vinaigriers, 75010 Paris, France;48.8731;2.36312
Space Invader PA_0713;PA_0713;PA; 1 rue Taylor, Paris, France;1 Rue Taylor, 75010 Paris, France;48.8691699;2.35884
Space Invader PA_0270;PA_0270;PA; 2 rue Yves Toudic, Paris, France;2 Rue Yves Toudic, 75010 Paris, France;48.86835;2.36532
Space Invader PA_1207;PA_1207;PA; 31 rue Lucien Sampaix, Paris, France;31 Rue Lucien Sampaix, 75010 Paris, France;48.87303;2.36129
Space Invader PA_1212;PA_1212;PA; 16 place Jacques Bonsergent, Paris, France;16 Place Jacques Bonsergent, 75010 Paris, France;48.87144;2.36071
Space Invader PA_0883;PA_0883;PA; 3 rue Curial, Paris, France;3 Rue Curial, 75019 Paris, France;48.88962;2.37127
Space Invader PA_1105;PA_1105;PA; 16 boulevard de la Chapelle, Paris, France;16 Boulevard de la Chapelle, 75018 Paris, France;48.8846;2.36354
Space Invader PA_1218;PA_1218;PA; 2 rue Mathys, Paris, France;2 Rue Mathis, 75019 Paris, France;48.8907;2.3764
Space Invader PA_0390;PA_0390;PA; 1 passage Gustave Lepeu, Paris, France;1 Passage Gustave Lepeu, 75011 Paris, France;48.8560299;2.38639
Space Invader PA_1039;PA_1039;PA; 1 impasse Delaunay, Paris, France;1 Impasse Delaunay, 75011 Paris, France;48.85507;2.38598
Space Invader PA_0852;PA_0852;PA; 10 rue Saint-Maur, Paris, France;10 Rue Saint-Maur, 75011 Paris, France;48.8593;2.38302
Space Invader PA_0999;PA_0999;PA; 136 rue de la Roquette, Paris, France;136 Rue de la Roquette, 75011 Paris, France;48.8577;2.38091
Space Invader PA_0960;PA_0960;PA; 141 boulevard Philippe Auguste, Paris, France;141 Rue Auguste Philippe, 08200 Saint-Menges, France;49.7390917;4.9239901
Space Invader PA_1009;PA_1009;PA; 1 boulevard de Ménilmontant, Paris, France;1 Boulevard de Ménilmontant, 75011 Paris, France;48.85859;2.3892
Space Invader PA_1115;PA_1115;PA; 208 rue de la Roquette, Paris, France;208 Rue de la Roquette, 75011 Paris, France;48.8596236;2.3885087
Space Invader PA_1146;PA_1146;PA; 154 rue du Chemin Vert, Paris, France;154 Rue du Chemin Vert, 75011 Paris, France;48.86272;2.387
Space Invader PA_1243;PA_1243;PA; 15 boulevard de Ménilmontant, Paris, France;15 Boulevard de Ménilmontant, 75011 Paris, France;48.85942;2.38881
Space Invader PA_0833;PA_0833;PA; dans l'Abribus, Paris, France;Paris, Paris, France;48.85720825;2.341439962
Space Invader PA_0717;PA_0717;PA; 2 rue des Orteaux, Paris, France;2 Rue des Orteaux, 75020 Paris, France;48.85689;2.39798
Space Invader PA_0838;PA_0838;PA; 113 boulevard de Charonne, Paris, France;Boulevard de Charonne, 75020 Paris, France;48.85493;2.39573
Space Invader PA_0832;PA_0832;PA; 100 rue de la Réunion, Paris, France;100 Rue de la Réunion, 75020 Paris, France;48.85756;2.39946
Space Invader PA_0871;PA_0871;PA; 29 rue de Terre Neuve, Paris, France;29 Rue de Terre-Neuve, 75020 Paris, France;48.85496;2.3991699
Space Invader PA_0831;PA_0831;PA; métro Buzenval, Paris, France;Métro-Buzenval, Paris, France;48.85189438;2.400949001
Space Invader PA_0821;PA_0821;PA; édicule EDF face au 81 boulevard de Charonne, Paris, France;81 Boulevard de Charonne, 75011 Paris, France;48.8544399;2.39569
Space Invader PA_0131;PA_0131;PA; 53 rue des Orteaux, Paris, France;53 Rue des Orteaux, 75020 Paris, France;48.8564999;2.40307
Space Invader PA_0535;PA_0535;PA; 37 rue de Terre Neuve, Paris, France;Rue de Terre-Neuve, 75020 Paris, France;48.85466;2.39864
Space Invader PA_1186;PA_1186;PA; 32 impasse de la Confiance, Paris, France;Impasse de la Confiance, 75020 Paris, France;48.85352;2.39962
Space Invader PA_1204;PA_1204;PA; 61 rue d'Avron, Paris, France;61 Rue d'Avron, 75020 Paris, France;48.85224;2.40306
Space Invader PA_0568;PA_0568;PA; 2 rue de l'Aqueduc, Paris, France;2 Rue de l'Aqueduc, 75010 Paris, France;48.87995;2.35893
Space Invader PA_0565;PA_0565;PA; 3 rue Philippe de Girard, Paris, France;3 Rue Philippe de Girard, 75010 Paris, France;48.88096;2.36184
Space Invader PA_0609;PA_0609;PA; 35 boulevard de la Chapelle, Paris, France;35 Boulevard de la Chapelle, 75010 Paris, France;48.88422;2.35986
Space Invader PA_1090;PA_1090;PA; métro Stalingrad, Paris, France;Métro-Stalingrad, Paris, France;48.88426971;2.369261026
Space Invader PA_0444;PA_0444;PA; 14 rue Chaudron, Paris, France;14 Rue Chaudron, 75010 Paris, France;48.88314;2.36585
Space Invader PA_0240;PA_0240;PA; face au 23 boulevard Diderot, Paris, France;23 Boulevard Diderot, 75012 Paris, France;48.84598;2.3735
Space Invader PA_0542;PA_0542;PA; 5 rue de Rambouillet, Paris, France;5 Rue de Rambouillet, 75012 Paris, France;48.84349;2.37931
Space Invader PA_0957;PA_0957;PA; 86 Quai de la Rapée, Paris, France;86 Quai de la Rapée, 75012 Paris, France;48.84483;2.36913
Space Invader PA_1129;PA_1129;PA; 19 rue Parrot, Paris, France;19 Rue Parrot, 75012 Paris, France;48.84718;2.37494
Space Invader PA_1130;PA_1130;PA; face au 194 rue de Bercy, Paris, France;194 Rue de Bercy, 75012 Paris, France;48.8446575;2.3722657
Space Invader PA_0200;PA_0200;PA; face au 194 rue de Bercy, Paris, France;194 Rue de Bercy, 75012 Paris, France;48.8446575;2.3722657
Space Invader PA_0218;PA_0218;PA; Tunnel Van-Gogh, Paris, France;Paris, Paris, France;48.85720825;2.341439962
Space Invader PA_0243;PA_0243;PA; 8bis rue Abel, Paris, France;8BIS Rue Abel, 75012 Paris, France;48.84668;2.37504
Space Invader PA_0315;PA_0315;PA; face au 32 boulevard Auguste Blanqui, Paris, France;32 Boulevard Auguste Blanqui, 75013 Paris, France;48.83044;2.35136
Space Invader PA_0937;PA_0937;PA; face au 80 boulevard Auguste Blanqui, Paris, France;80 Boulevard Auguste Blanqui, 75013 Paris, France;48.83069;2.3464
Space Invader PA_0854;PA_0854;PA; 1 rue de Tombouctou, Paris, France;1 Rue de Tombouctou, 75018 Paris, France;48.88452;2.35617
Space Invader PA_1233;PA_1233;PA; 2 rue Poissonnière, Paris, France;2 Rue Poissonnière, 75002 Paris, France;48.86857;2.34778
Space Invader PA_0906;PA_0906;PA; 9 rue de la Goutte d'Or, Paris, France;9 Rue de la Goutte-d'Or, 75018 Paris, France;48.88493;2.35456
Space Invader PA_1145;PA_1145;PA; 1 rue de la Croix Jarry, Paris, France;Rue de la Croix-Jarry, 75013 Paris, France;48.82716;2.38179
Space Invader PA_0943;PA_0943;PA; entrée des Frigos, Paris, France;Paris, Paris, France;48.85720825;2.341439962
Space Invader PA_0950;PA_0950;PA; métro Dupleix, Paris, France;Métro-Dupleix, Paris, France;48.85067368;2.292712927
Space Invader PA_0967;PA_0967;PA; 105 quai Branly, Paris, France;105 Quai Branly, 75015 Paris, France;48.85459;2.28916
Space Invader PA_0597;PA_0597;PA; métro La Motte-Picquet-Grenelle, Paris, France;Métro-la Motte-Picquet-Grenelle, Paris, France;48.84906387;2.297804117
Space Invader PA_0666;PA_0666;PA; face au 29 quai de grenelle, Paris, France;29 Quai de Grenelle, 75015 Paris, France;48.85268;2.28641
Space Invader PA_0951;PA_0951;PA; face au 75 boulevard de Grenelle, Paris, France;75 Boulevard de Grenelle, 75015 Paris, France;48.8504398;2.2943814
Space Invader PA_0966;PA_0966;PA; pont de Bir-Hakeim, Paris, France;Pont de Bir-Hakeim, 75015 Paris, France;48.85555;2.28784
Space Invader PA_0598;PA_0598;PA; 1 avenue de la Motte-Picquet, Paris, France;1 Avenue de la Motte-Picquet, 75007 Paris, France;48.85718;2.31017
Space Invader PA_1125;PA_1125;PA; 88 rue de Provence, Paris, France;88 Rue de Provence, 75009 Paris, France;48.87433;2.33045
Space Invader PA_1181;PA_1181;PA; 58 rue Caumartin, Paris, France;58 Rue de Caumartin, 75009 Paris, France;48.87487;2.32858
Space Invader PA_1230;PA_1230;PA; 7 rue Lafayette, Paris, France;7 Rue La Fayette, 75009 Paris, France;48.87359;2.33479
Space Invader PA_1278;PA_1278;PA; 80 rue de Provence, Paris, France;80 Rue de Provence, 75009 Paris, France;48.8743924;2.3309796
Space Invader PA_0991;PA_0991;PA; 33 boulevard de la Villette, Paris, France;33 Boulevard de la Villette, 75010 Paris, France;48.8741;2.3743599
Space Invader PA_0430;PA_0430;PA; le Comptoire Général, Paris, France;Paris, Paris, France;48.85720825;2.341439962
Space Invader PA_0448;PA_0448;PA; 80 quai Jemmapes, Paris, France;80 Quai de Jemmapes, 75010 Paris, France;48.87215;2.36515
Space Invader PA_0853;PA_0853;PA; 12 rue de la Grange aux Belles, Paris, France;12 Rue de la Grange-aux-Belles, 75010 Paris, France;48.8739599;2.36545
Space Invader PA_1147;PA_1147;PA; pont de la Grange aux Belles, Paris, France;Paris, Paris, France;48.85720825;2.341439962
Space Invader PA_0507;PA_0507;PA; 21 rue Juliette Dodu, Paris, France;21 Rue Juliette Dodu, 75010 Paris, France;48.87531;2.36906
Space Invader PA_0120;PA_0120;PA; 44 quai de Jemmapes, Paris, France;44 Quai de Jemmapes, 75010 Paris, France;48.86954;2.36718
Space Invader PA_0869;PA_0869;PA; quai de Valmy, Paris, France;Quai de Valmy, 75010 Paris, France;48.87686;2.3647
Space Invader PA_0394;PA_0394;PA; pont Saint-Michel, Paris, France;Pont Saint-Michel, Paris, France;48.85416794;2.344722033
Space Invader PA_1246;PA_1246;PA; 12 pont Saint-Louis, Paris, France;12 Cour Saint-Louis, 75011 Paris, France;48.8521773;2.3724427
Space Invader PA_1166;PA_1166;PA; 1 quai de Bourbon, Paris, France;1 Quai de Bourbon, 75004 Paris, France;48.85243;2.35692
Space Invader PA_0334;PA_0334;PA; 7-13 Place Valhubert, Paris, France;Place Valhubert, 75013 Paris, France;48.84376;2.36538
Space Invader PA_0502;PA_0502;PA; 29 rue Censier, Paris, France;29 Rue Censier, 75005 Paris, France;48.84035;2.35292
Space Invader PA_0767;PA_0767;PA; 0 rue du Fer à Moulin, Paris, France;Rue du Fer-à-Moulin, 75005 Paris, France;48.8389499;2.3535499
Space Invader PA_1088;PA_1088;PA; 77 rue Buffon, Paris, France;Rue Buffon, 75005 Paris, France;48.84225;2.36008
Space Invader PA_0684;PA_0684;PA; 23bis rue Poliveau, Paris, France;23BIS Rue Poliveau, 75005 Paris, France;48.84023;2.3593799
Space Invader PA_0593;PA_0593;PA; place Balard sous la Petite Ceinture, Paris, France;Place Balard, 75015 Paris, France;48.83649;2.27845
Space Invader PA_0233;PA_0233;PA; 1 rue des Cévennes, Paris, France;1 Rue des Cévennes, 75015 Paris, France;48.84444;2.2762699
Space Invader PA_0543;PA_0543;PA; 1 rue Duchefdelaville, Paris, France;1 Rue Duchefdelaville, 75013 Paris, France;48.8324799;2.37094
Space Invader PA_0459;PA_0459;PA; métro Chevaleret, Paris, France;Métro-Chevaleret, Paris, France;48.83454514;2.367082119
Space Invader PA_1134;PA_1134;PA; 74 rue de Tolbiac, Paris, France;74 Rue de Tolbiac, 75013 Paris, France;48.82717;2.36694
Space Invader PA_0058;PA_0058;PA; 14 rue Louise Weiss, Paris, France;14 Rue Louise Weiss, 75013 Paris, France;48.83334;2.37073
Space Invader PA_0460;PA_0460;PA; 39P rue Louise Weiss, Paris, France;39P Rue Louise Weiss, 75013 Paris, France;48.83448;2.36935
Space Invader PA_0385;PA_0385;PA; 41 rue Dunois, Paris, France;41 Rue Dunois, 75013 Paris, France;48.83151;2.3685299
Space Invader PA_1055;PA_1055;PA; bretelle de sortie de l'autoroute de l'Est, Paris, France;Paris, Paris, France;48.85720825;2.341439962
Space Invader PA_0329;PA_0329;PA; 14 rue Pajol, Paris, France;14 Rue Pajol, 75018 Paris, France;48.88585;2.36091
Space Invader PA_0990;PA_0990;PA; métro La Chapelle, Paris, France;Métro-la Chapelle, Paris, France;48.88434601;2.359489918
Space Invader PA_1018;PA_1018;PA; place Paul Eluard, Paris, France;Place Paul Éluard, 75018 Paris, France;48.89009;2.36016
Space Invader PA_1238;PA_1238;PA; Cimetière de la Courneuve, Paris, France;La Courneuve, Seine-St.-Denis, France;48.92695999;2.389219999
Space Invader PA_1005;PA_1005;PA; 89 rue Oberkampf, Paris, France;89 Rue Oberkampf, 75011 Paris, France;48.86529;2.37546
Space Invader PA_0532;PA_0532;PA; 113 rue Oberkampf, Paris, France;113 Rue Oberkampf, 75011 Paris, France;48.86591;2.37815
Space Invader PA_0446;PA_0446;PA; 174 rue Saint-Maur, Paris, France;174 Rue Saint-Maur, 75011 Paris, France;48.87034;2.37324
Space Invader PA_1047;PA_1047;PA; 88ter avenue Parmentier, Paris, France;88TER Avenue Parmentier, 75011 Paris, France;48.86494;2.3749699
Space Invader PA_0271;PA_0271;PA; 7 rue Vancouleurs, Paris, France;7 Rue de Vaucouleurs, 75011 Paris, France;48.86898;2.37757
Space Invader PA_0073;PA_0073;PA; 93 rue Jean-Pierre Timbaud, Paris, France;93 Rue Jean-Pierre Timbaud, 75011 Paris, France;48.86834;2.37926
Space Invader PA_0248;PA_0248;PA; 64 rue de la Fontaine au Roi, Paris, France;64 Rue de la Fontaine-au-Roi, 75011 Paris, France;48.86826;2.37444
Space Invader PA_0293;PA_0293;PA; 84 rue du Faubourg du Temple, Paris, France;84 Rue du Faubourg du Temple, 75011 Paris, France;48.8706699;2.3734099
Space Invader PA_0384;PA_0384;PA; 26 rue du Moulin Joly, Paris, France;26 Rue du Moulin-Joly, 75011 Paris, France;48.86988;2.3782899
Space Invader PA_0466;PA_0466;PA; 51 rue de la Fontaine au Roi, Paris, France;51 Rue de la Fontaine-au-Roi, 75011 Paris, France;48.86816;2.37346
Space Invader PA_0049;PA_0049;PA; 117 rue Oberkampf, Paris, France;117 Rue Oberkampf, 75011 Paris, France;48.86601;2.3785599
Space Invader PA_0222;PA_0222;PA; 94 rue du Faubourg du Temple, Paris, France;94 Rue du Faubourg du Temple, 75011 Paris, France;48.87103;2.37427
Space Invader VRS_001;VRS_001;VRS; 2 rue du Baillage, Paris, France;2 Rue du Bailliage, 78000 Versailles, France;48.80757;2.1309
Space Invader VRS_002;VRS_002;VRS; rue des 2 Portes, Paris, France;Rue des 3 Portes, 75005 Paris, France;48.8511;2.34856
Space Invader VRS_005;VRS_005;VRS; 10 rue de Fontenay, Paris, France;Avenue de Fontenay, 75012 Paris, France;48.84071;2.46171
Space Invader VRS_004;VRS_004;VRS; carré à la Marée, Paris, France;La Mare Paris, Yvelines, France;48.69192886;1.788400054
Space Invader VRS_003;VRS_003;VRS; 1 rue des Deux Portes, Paris, France;1 Passage des 2 Portes, 75020 Paris, France;48.85903;2.4049299
Space Invader VRS_006;VRS_006;VRS; 2 avenue de Paris, Paris, France;Avenue de Paris, 75012 Paris, France;48.84462;2.4384
Space Invader VRS_007;VRS_007;VRS; 2 rue Saint-Lazare, Paris, France;2 Rue Saint-Lazare, 75009 Paris, France;48.87688;2.3388399
Space Invader VRS_008;VRS_008;VRS; 40 rue du Vieux Versailles, Paris, France;40 Rue du Vieux Versailles, 78000 Versailles, France;48.8002899;2.12468
Space Invader VRS_009;VRS_009;VRS; 12 avenue du Général de Gaulle, Paris, France;Boulevard du Général de Gaulle, 75013 Paris, France;48.81597;2.35776
Space Invader VRS_011;VRS_011;VRS; 65 avenue de Saint-Cloud, Paris, France;Avenue de Saint-Cloud, 75016 Paris, France;48.8626999;2.26627
Space Invader VRS_012;VRS_012;VRS; 1 place Hoche, Paris, France;1 Place André Paris, 22380 Saint-Cast-le-Guildo, France;48.63149;-2.26009
Space Invader PA_0524;PA_0524;PA; 244 avenue du Général de Gaulle, Paris, France;Boulevard du Général de Gaulle, 75013 Paris, France;48.81597;2.35776
Space Invader PA_0608;PA_0608;PA; 1 avenue du Général de Gaulle, Paris, France;Boulevard du Général de Gaulle, 75013 Paris, France;48.81597;2.35776
Space Invader PA_1026;PA_1026;PA; 52 Grande Rue Charles-de-Gaulle, Paris, France;52 Grande Rue Charles de Gaulle, 92600 Asnières-sur-Seine, France;48.90827;2.28647
Space Invader PA_1234;PA_1234;PA; Obélisque de Villeneuve-le-Comte, Paris, France;Rue de Paris, 77174 Villeneuve-le-Comte, France;48.81589;2.82703
Space Invader PA_1117;PA_1117;PA; Terminal 2D Porte 6, Paris, France;Paris, Paris, France;48.85720825;2.341439962
Space Invader PA_0611;PA_0611;PA; boulevard Georges Braque, Paris, France;Rue Georges Braque, 75014 Paris, France;48.82326;2.33483
Space Invader PA_1020;PA_1020;PA; 86 rue Championnet, Paris, France;86 Rue Championnet, 75018 Paris, France;48.89586;2.34288
Space Invader PA_0659;PA_0659;PA; 194 rue Championnet, Paris, France;194 Rue Championnet, 75018 Paris, France;48.89418;2.33215
Space Invader PA_0264;PA_0264;PA; 115 rue de la Tour, Paris, France;115 Rue de la Tour, 75116 Paris, France;48.86298;2.27546
Space Invader PA_0041;PA_0041;PA; Porte de la Villette, Paris, France;Métro-Porte de la Villette, Paris, France;48.89905167;2.387109995
Space Invader PA_1031;PA_1031;PA; face à un entrepôt abandonné, Paris, France;Paris, Paris, France;48.85720825;2.341439962
Space Invader PA_0748;PA_0748;PA; Avenue de la Porte de la Villette, Paris, France;Métro-Porte de la Villette, Paris, France;48.89905167;2.387109995
Space Invader PA_1122;PA_1122;PA; avenue Corentin Cariou, Paris, France;Avenue Corentin Cariou, 75019 Paris, France;48.89713;2.38495
Space Invader PA_0490;PA_0490;PA; 10 rue du Chemin de Fer, Paris, France;10 Rue du Chemin-de-Fer, 75019 Paris, France;48.89957;2.3911699
Space Invader PA_1288;PA_1288;PA; 5 quai de Loire, Paris, France;5 Quai de la Loire, 75019 Paris, France;48.88378;2.37142
Space Invader PA_0987;PA_0987;PA; 39 quai de la Loire, Paris, France;39 Quai de la Loire, 75019 Paris, France;48.8874;2.37871
Space Invader PA_0162;PA_0162;PA; 8 quai de la Seine, Paris, France;8 Quai de la Seine, 75019 Paris, France;48.88487;2.37108
Space Invader PA_0823;PA_0823;PA; 145 avenue Jean Jaurès, Paris, France;145 Avenue Jean Jaurès, 75019 Paris, France;48.88688;2.38521
Space Invader PA_0599;PA_0599;PA; 2 rue de l'Ourcq, Paris, France;2 Rue de l'Ourcq, 75019 Paris, France;48.88737;2.38474
Space Invader PA_0228;PA_0228;PA; pont de la rue de l'Ourcq, Paris, France;Rue de l'Ourcq, 75019 Paris, France;48.8933;2.37708
Space Invader PA_1270;PA_1270;PA; passerelle du Bassin de la Villette, Paris, France;Bassin de la Villette, Paris, France;48.88898849;2.386929989
Space Invader PA_0454;PA_0454;PA; Assainissement de Valmy, Paris, France;Paris, Paris, France;48.85720825;2.341439962
Space Invader PA_0884;PA_0884;PA; 205 rue La Fayette, Paris, France;205 Rue La Fayette, 75010 Paris, France;48.88112;2.36356
Space Invader PA_1085;PA_1085;PA; ancien Couvent des Récollets, Paris, France;Paris, Paris, France;48.85720825;2.341439962
Space Invader PA_0441;PA_0441;PA; 7 rue Gabriel Péri, Paris, France;Place Gabriel Péri, 75008 Paris, France;48.87518;2.32477
Space Invader PA_0115;PA_0115;PA; impasse des Arbalétriers, Paris, France;Paris, Paris, France;48.85720825;2.341439962
Space Invader PA_0158;PA_0158;PA; 7 rue Debelleyme., Paris, France;7 Rue Debelleyme, 75003 Paris, France;48.86068;2.3637
Space Invader PA_0555;PA_0555;PA; 11 boulevard Beaumarchais, Paris, France;11 Boulevard Beaumarchais, 75004 Paris, France;48.85455;2.3685299
Space Invader PA_0022;PA_0022;PA; 68 rue de Turenne, Paris, France;68 Rue de Turenne, 75003 Paris, France;48.85974;2.36466
Space Invader PA_0682;PA_0682;PA; 21 rue des Francs-Bourgeois, Paris, France;21 Rue des Francs-Bourgeois, 75004 Paris, France;48.85681;2.36293
Space Invader PA_0696;PA_0696;PA; 9 rue Debellyeme, Paris, France;9 Rue Debelleyme, 75003 Paris, France;48.86094;2.36339
Space Invader PA_0504;PA_0504;PA; 52 rue des Rosiers, Paris, France;52 Rue des Rosiers, 75004 Paris, France;48.85774;2.35832
Space Invader PA_0878;PA_0878;PA; 17 rue Payenne, Paris, France;17 Rue de Paris, 53350 Ballots, France;47.89541;-1.04734
Space Invader PA_0032;PA_0032;PA; 108 rue Vieille du Temple, Paris, France;108 Rue Vieille-du-Temple, 75003 Paris, France;48.86095;2.36281
Space Invader PA_0711;PA_0711;PA; 27 rue des Tournelles, Paris, France;27 Rue des Tournelles, 75004 Paris, France;48.8558;2.36723
Space Invader PA_0482;PA_0482;PA; 24 rue Pavée, Paris, France;24 Rue Pavée, 75004 Paris, France;48.85711;2.36172
Space Invader PA_1063;PA_1063;PA; 28 rue des Archives, Paris, France;28 Rue des Archives, 75004 Paris, France;48.85825;2.35515
Space Invader PA_0480;PA_0480;PA; 14 rue du Roi de Sicile, Paris, France;14 Rue du Roi de Sicile, 75004 Paris, France;48.85591;2.35968
Space Invader PA_1102;PA_1102;PA; place de Thorigny, Paris, France;Place de Thorigny, 75003 Paris, France;48.85903;2.36216
Space Invader PA_1127;PA_1127;PA; 10 rue du Roi Doré, Paris, France;Rue du Roi Doré, 75003 Paris, France;48.8601;2.36412
Space Invader PA_0034;PA_0034;PA; 61 rue Vieille du Temple, Paris, France;61 Rue Vieille-du-Temple, 75004 Paris, France;48.85862;2.35847
Space Invader PA_0407;PA_0407;PA; 93 rue Vieille du Temple, Paris, France;93 Rue Vieille-du-Temple, 75003 Paris, France;48.86011;2.36091
Space Invader PA_0796;PA_0796;PA; 110 rue Vieille du Temple, Paris, France;110 Rue Vieille-du-Temple, 75003 Paris, France;48.86109;2.36303
Space Invader PA_1161;PA_1161;PA; 42 rue des Francs-Bourgeois, Paris, France;42 Rue des Francs-Bourgeois, 75003 Paris, France;48.85859;2.3590399
Space Invader PA_0503;PA_0503;PA; 74 rue de Turenne, Paris, France;74 Rue de Turenne, 75003 Paris, France;48.8604;2.36468
Space Invader PA_0084;PA_0084;PA; 15 rue du Pas de la Mule, Paris, France;15 Rue du Pas-de-la-Mule, 75004 Paris, France;48.85597;2.36678
Space Invader PA_0378;PA_0378;PA; 45 rue de Poitou, Paris, France;45 Rue de Poitou, 75003 Paris, France;48.86172;2.36133
Space Invader PA_1159;PA_1159;PA; 6 place des Ternes, Paris, France;6 Place des Ternes, 75017 Paris, France;48.87842;2.2985699
Space Invader PA_0895;PA_0895;PA; place Auguste Baron, Paris, France;Place Auguste Baron, 75019 Paris, France;48.90104;2.38774
Space Invader PA_1169;PA_1169;PA; 6 avenue de la Porte de la Chapelle, Paris, France;6 Avenue Porte de la Chapelle, 75018 Paris, France;48.89898;2.35987
Space Invader PA_0994;PA_0994;PA; 0 boulevard Duaumont, Paris, France;Boulevard du Fort de Douaumont, 75017 Paris, France;48.89568;2.30707
Space Invader PA_1048;PA_1048;PA; Autoroute du Soleil, Paris, France;Rue du Soleil, 75020 Paris, France;48.87457;2.39458
Space Invader PA_1041;PA_1041;PA; rond-point d'Espagne, Paris, France;Rond-Point Dauphine, 75012 Paris, France;48.83476;2.43769
Space Invader PA_1042;PA_1042;PA; A86 côté cimetière nouveau de Vitry, Paris, France;A86, 75012 Paris, France;48.8208;2.46141
Space Invader PA_1043;PA_1043;PA; A86 côté cimetière communal de Choisy, Paris, France;A86, 75012 Paris, France;48.8208;2.46141
Space Invader PA_1283;PA_1283;PA; 3 rue des Déchargeurs, Paris, France;3 Rue des Déchargeurs, 75001 Paris, France;48.8596999;2.34596
Space Invader PA_0143;PA_0143;PA; place du Châtelet, Paris, France;Place du Châtelet, Paris, France;48.85749817;2.34722209
Space Invader PA_0092;PA_0092;PA; 8 rue de la Ferronnerie, Paris, France;8 Rue de la Ferronnerie, 75001 Paris, France;48.86034;2.34734
Space Invader PA_1030;PA_1030;PA; 41 rue des Bourdonnais, Paris, France;41 Rue des Bourdonnais, 75001 Paris, France;48.86056;2.34552
Space Invader PA_0590;PA_0590;PA; 17 rue Etienne Marcel, Paris, France;17 Rue Étienne Marcel, 75001 Paris, France;48.86367;2.34937
Space Invader PA_0355;PA_0355;PA; 4 rue de la Grande Truanderie, Paris, France;4 Rue de la Grande-Truanderie, 75001 Paris, France;48.86268;2.34978
Space Invader PA_0295;PA_0295;PA; 4 rue du Jour, Paris, France;4 Rue du Jour, 75001 Paris, France;48.86378;2.34486
Space Invader PA_0978;PA_0978;PA; 28 rue Montorgueil, Paris, France;28 Rue Montorgueil, 75001 Paris, France;48.8637;2.34653
Space Invader PA_0819;PA_0819;PA; 2 rue Bailleul, Paris, France;2 Rue Bailleul, 75001 Paris, France;48.86096;2.34231
Space Invader PA_0720;PA_0720;PA; 19 rue de la Ferronnerie, Paris, France;19 Rue de la Ferronnerie, 75001 Paris, France;48.8601699;2.34739
Space Invader PA_1097;PA_1097;PA; 20 rue du Louvre, Paris, France;20 Rue du Louvre, 75001 Paris, France;48.86146;2.34126
Space Invader PA_0839;PA_0839;PA; 20 rue de la Grande Truanderie, Paris, France;20 Rue de la Grande-Truanderie, 75001 Paris, France;48.86292;2.34876
Space Invader PA_0060;PA_0060;PA; église Saint-Eustache, Paris, France;Impasse Saint-Eustache, 75001 Paris, France;48.86376;2.34547
Space Invader PA_1162;PA_1162;PA; 14 rue des Précheurs, Paris, France;14 Rue des Prêcheurs, 75001 Paris, France;48.86208;2.34864
Space Invader PA_0354;PA_0354;PA; 13 rue Jean Lantier, Paris, France;13 Rue Jean Lantier, 75001 Paris, France;48.8585474;2.3458221
Space Invader PA_1213;PA_1213;PA; 4 rue Berger, Paris, France;4 Rue Berger, 75001 Paris, France;48.8609;2.34849
Space Invader PA_1260;PA_1260;PA; 8 rue de l'Amiral de Coligny, Paris, France;8 Rue de l'Amiral de Coligny, 75001 Paris, France;48.86067;2.3409399
Space Invader PA_1263;PA_1263;PA; Pont Neuf, Paris, France;Pont Neuf, Paris, France;48.85867691;2.341487885
Space Invader PA_1268;PA_1268;PA; Pont-Neuf, Paris, France;Pont Neuf, Paris, France;48.85867691;2.341487885
Space Invader PA_0914;PA_0914;PA; 103 rue Baudin, Paris, France;Rue Alphonse Baudin, 75011 Paris, France;48.86067;2.37047
Space Invader PA_0915;PA_0915;PA; 69 rue Anatole France, Paris, France;69 Rue Anatole France, 92300 Levallois-Perret, France;48.89143;2.28557
Space Invader PA_0152;PA_0152;PA; place de la Concorde, Paris, France;Praça da Concórdia, Paris, France;48.86505508;2.321854115
Space Invader PA_0360;PA_0360;PA; 0 rue Saint-Roch, Paris, France;Rue Saint-Roch, 75001 Paris, France;48.86571;2.33248
Space Invader PA_1151;PA_1151;PA; métro Tuileries, Paris, France;Métro-Tuileries, Paris, France;48.86434937;2.330204964
Space Invader PA_0579;PA_0579;PA; 13 place du Carroussel, Paris, France;Place du Carrousel, 75001 Paris, France;48.86154;2.33454
Space Invader PA_0093;PA_0093;PA; pont du Carroussel, Paris, France;Pont du Carrousel, Paris, France;48.86000061;2.333333015
Space Invader PA_1217;PA_1217;PA; pont de la Concorde, Paris, France;Pont de la Concorde, Paris, France;48.8633461;2.319560051
Space Invader PA_0592;PA_0592;PA; 19 rue Férou, Paris, France;19 Rue Léon Frot, 75011 Paris, France;48.85427;2.3876
Space Invader PA_0473;PA_0473;PA; 3 rue Saint-Sulpice, Paris, France;3 Rue Saint-Sulpice, 75006 Paris, France;48.85148;2.33796
Space Invader PA_0780;PA_0780;PA; 12 rue Madame, Paris, France;12 Rue Madame, 75006 Paris, France;48.85123;2.33195
Space Invader PA_0629;PA_0629;PA; impasse Robiquet, Paris, France;Impasse Robiquet, 75006 Paris, France;48.84382;2.32568
Space Invader PA_0180;PA_0180;PA; 14 rue Madame, Paris, France;14 Rue Madame, 75006 Paris, France;48.85113;2.33191
Space invader PA_0851;PA_0851;PA; 14 Bis rue de la Grande Chaumière, Paris, France;14BIS Rue de la Grande-Chaumière, 75006 Paris, France;48.84221;2.33038
Space Invader PA_0181;PA_0181;PA; 20-24 rue Madame, Paris, France;Rue Madame, 75006 Paris, France;48.84863;2.3316499
Space Invader PA_0183;PA_0183;PA; 19 rue de Mézières, Paris, France;19 Rue des Mystères de Paris, 95400 Villiers-le-Bel, France;49.006;2.41281
Space Invader PA_0077;PA_0077;PA; 10 rue de Fleurus, Paris, France;10 Rue de Fleurus, 75006 Paris, France;48.84713;2.33128
Space Invader PA_1167;PA_1167;PA; 84 rue Bonaparte, Paris, France;84 Rue Bonaparte, 75006 Paris, France;48.84968;2.33258
Space Invader PA_1188;PA_1188;PA; 81 rue d'Assas, Paris, France;81 Rue d'Assas, 75006 Paris, France;48.84242;2.33489
Space Invader PA_1198;PA_1198;PA; 145 boulevard Raspail, Paris, France;145 Boulevard Raspail, 75006 Paris, France;48.84227;2.32972
Space Invader PA_0182;PA_0182;PA; 18 rue Madame, Paris, France;18 Rue Madame, 75006 Paris, France;48.8508535;2.3317096
Space Invader PA_0176;PA_0176;PA; 12 rue Cassette, Paris, France;12 Rue Cassette, 75006 Paris, France;48.84984;2.3307699
Space Invader PA_1203;PA_1203;PA; 64 rue Monsieur le Prince, Paris, France;64 Rue Monsieur le Prince, 75006 Paris, France;48.84786;2.34081
Space Invader PA_0897;PA_0897;PA; 1 boulevard Gabriel Péri, Paris, France;1 Boulevard Gabriel Péri, 93110 Rosny-sous-Bois, France;48.87732;2.4839
Space Invader PA_0339;PA_0339;PA; square du Docteur-Grancher, Paris, France;Square du Docteur Grancher, Paris, France;48.86534119;2.39470005
Space Invader PA_0744;PA_0744;PA; La Bellevilloise, Paris, France;Paris, Paris, France;48.85720825;2.341439962
Space Invader PA_0375;PA_0375;PA; 2 rue de l'Est, Paris, France;2 Rue de l'Est, 75020 Paris, France;48.87095;2.39519
Space Invader PA_0411;PA_0411;PA; 68 rue Orfila, Paris, France;68 Rue Orfila, 75020 Paris, France;48.867;2.39798
Space Invader PA_0742;PA_0742;PA; 322 rue des Pyrénées, Paris, France;322 Rue des Prés-Paris, 74970 Marignier, France;46.0821488;6.5121251
Space Invader PA_0739;PA_0739;PA; 120 rue de Ménilmontant, Paris, France;120 Rue de Ménilmontant, 75020 Paris, France;48.86992;2.39503
Space Invader PA_0471;PA_0471;PA; 83 rue de Ménilmontant, Paris, France;83 Rue de Ménilmontant, 75020 Paris, France;48.86885;2.3899
Space Invader PA_0737;PA_0737;PA; 21 rue Charles Frédel, Paris, France;21 Rue Charles Friedel, 75020 Paris, France;48.87269;2.39595
Space Invader PA_1083;PA_1083;PA; Impasse Cordon-Boussard, Paris, France;Impasse Cordon-Boussard, 75020 Paris, France;48.86568;2.39743
Space Invader PA_0516;PA_0516;PA; 129-133 rue de Ménilmontant, Paris, France;Rue de Ménilmontant, 75020 Paris, France;48.86849;2.38888
Space Invader PA_0531;PA_0531;PA; 129 rue de Ménilmontant, Paris, France;129 Rue de Ménilmontant, 75020 Paris, France;48.87012;2.39502
Space Invader PA_0726;PA_0726;PA; 135 rue de Rome, Paris, France;135 Rue de Rome, 75017 Paris, France;48.88572;2.31661
Space Invader PA_0867;PA_0867;PA; 30 boulevard de Courcelles, Paris, France;30 Boulevard de Courcelles, 75017 Paris, France;48.88094;2.3118599
Space Invader PA_0903;PA_0903;PA; 15 rue Cardinet, Paris, France;15 Rue Cardinet, 75017 Paris, France;48.8816;2.30204
Space Invader PA_0474;PA_0474;PA; 2 rue de Prony, Paris, France;2 Rue de Prony, 75017 Paris, France;48.88062;2.30849
Space Invader PA_1004;PA_1004;PA; 66 rue de Courcelles, Paris, France;66 Rue de Courcelles, 75008 Paris, France;48.87764;2.30633
Space Invader PA_1280;PA_1280;PA; 14 rue de Lévis, Paris, France;14 Rue de Lévis, 75017 Paris, France;48.8822199;2.3156
Space Invader PA_0040;PA_0040;PA; 45 rue de la Montagne Sainte-Geneviève, Paris, France;45 Rue de la Montagne Sainte-Geneviève, 75005 Paris, France;48.84709;2.34814
Space Invader PA_0229;PA_0229;PA; rue Antoine Dubois, Paris, France;Rue Antoine Dubois, 75006 Paris, France;48.85121;2.33987
Space Invader PA_0113;PA_0113;PA; 46 rue du Cardinal Lemoine, Paris, France;46 Rue du Cardinal Lemoine, 75005 Paris, France;48.84662;2.35141
Space Invader PA_0157;PA_0157;PA; 10 rue Clovis, Paris, France;10 Rue Clovis, 75005 Paris, France;48.8463246;2.3489241
Space Invader PA_1171;PA_1171;PA; 68 rue de la Montagne Sainte-Geneviève, Paris, France;68 Rue de la Montagne Sainte-Geneviève, 75005 Paris, France;48.84684;2.3477199
Space Invader PA_0004;PA_0004;PA; 22 rue Monge, Paris, France;22 Rue Monge, 75005 Paris, France;48.84717;2.35103
Space Invader PA_1209;PA_1209;PA; 99 boulevard Saint-Germain, Paris, France;99 Boulevard Saint-Germain, 75006 Paris, France;48.85214;2.339
Space Invader PA_1221;PA_1221;PA; place Benjamin Fondane, Paris, France;Place Benjamin Fondane, 75005 Paris, France;48.84454;2.3519899
Space Invader PA_0003;PA_0003;PA; 14 rue de la Montagne Sainte-Geneviève, Paris, France;14 Rue de la Montagne Sainte-Geneviève, 75005 Paris, France;48.8488676;2.3484198
Space Invader PA_0607;PA_0607;PA; 48 rue d'Orsel, Paris, France;48 Rue d'Orsel, 75018 Paris, France;48.88356;2.34211
Space Invader PA_0644;PA_0644;PA; 2 rue Lamarck, Paris, France;2 Rue Lamarck, 75018 Paris, France;48.8863399;2.34417
Space Invader PA_0857;PA_0857;PA; sud-ouest de la place du Tertre, Paris, France;Place du Tertre, 75018 Paris, France;48.88661;2.341
Space Invader PA_1052;PA_1052;PA; rue du Chevalier de la Barre, Paris, France;Rue du Chevalier de la Barre, 75018 Paris, France;48.88749;2.34436
Space Invader PA_0855;PA_0855;PA; 75 rue Lepic, Paris, France;Rue Lepic, Paris, France;48.88750076;2.335278034
Space Invader PA_0642;PA_0642;PA; 46 rue Berthe, Paris, France;46 Rue Berthe, 75018 Paris, France;48.88598;2.33861
Space Invader PA_0160;PA_0160;PA; 16 rue André Barsacq, Paris, France;16 Rue André Barsacq, 75018 Paris, France;48.88537;2.34071
Space Invader PA_0169;PA_0169;PA; 2 rue du Mont Cenis, Paris, France;2 Rue du Mont-Cenis, 75018 Paris, France;48.8867;2.34151
Space Invader PA_0641;PA_0641;PA; 2 rue d'Orchampt, Paris, France;2 Rue d'Orchampt, 75018 Paris, France;48.88641;2.3378899
Space Invader PA_0018;PA_0018;PA; 16 rue Saint-Vincent, Paris, France;16 Rue Saint-Vincent, 75018 Paris, France;48.88854;2.34131
Space Invader PA_0286;PA_0286;PA; 28 rue du Chevalier de la Barre, Paris, France;28 Rue du Chevalier de la Barre, 75018 Paris, France;48.88751;2.3442599
Space Invader PA_0165;PA_0165;PA; 5 rue Cortot, Paris, France;5 Rue Cortot, 75018 Paris, France;48.8876;2.34072
Space Invader PA_1276;PA_1276;PA; 21 place du Tertre, Paris, France;21 Place du Tertre, 75018 Paris, France;48.88667;2.34057
Space Invader PA_0695;PA_0695;PA; 1 rue Jasmin, Paris, France;1 Rue Jasmin, 75016 Paris, France;48.8524;2.26783
Space Invader PA_0691;PA_0691;PA; 1 rue Rafflet, Paris, France;1 Rue Raffet, 75016 Paris, France;48.85046;2.26569
Space Invader PA_0692;PA_0692;PA; 24 rue du Docteur Blanche, Paris, France;24 Rue du Docteur Blanche, 75016 Paris, France;48.85439;2.2654899
Space Invader PA_0694;PA_0694;PA; 26 rue Poussin, Paris, France;26 Rue Poussin, 75016 Paris, France;48.84876;2.26328
Space Invader PA_0762;PA_0762;PA; face au 99 boulevard de Montmorency, Paris, France;99 Boulevard de Montmorency, 75016 Paris, France;48.84859;2.26071
Space Invader PA_1286;PA_1286;PA; face au 72 rue de Rosny, Paris, France;Paris, Paris, France;48.85720825;2.341439962
Space Invader PA_1291;PA_1291;PA; 48 rue du Capitaine Dreyfus, Paris, France;48 Rue du Capitaine Dreyfus, 93100 Montreuil, France;48.85909;2.43958
Space Invader PA_0750;PA_0750;PA; 4 rue du Sergent Bobillot, Paris, France;4 Rue Bobillot, 75013 Paris, France;48.83053;2.35453
Space Invader PA_0877;PA_0877;PA; 146 rue de Paris, Paris, France;146 Rue de Paris, 02260 Clairfontaine, France;49.9667925;3.9654585
Space Invader PA_1096;PA_1096;PA; 18 rue des Lilas ou presque, Paris, France;18 Rue des Lilas, 75019 Paris, France;48.87918;2.39647
Space Invader PA_0825;PA_0825;PA; 186 rue de Paris, Paris, France;186 Rue de Paris, 02260 Clairfontaine, France;49.9667297;3.9659009
Space Invader PA_0749;PA_0749;PA; face au conservatoire de Montreuil, Paris, France;Paris, Paris, France;48.85720825;2.341439962
Space Invader PA_0477;PA_0477;PA; 267b rue de Paris, Paris, France;Rue de Paris, 75017 Paris, France;48.89636;2.30866
Space Invader PA_0216;PA_0216;PA; 67 rue de l'Amiral Mouchez, Paris, France;67 Rue de l'Amiral Mouchez, 75013 Paris, France;48.82138;2.34313
Space Invader PA_0933;PA_0933;PA; 11ter rue d'Alésia, Paris, France;11TER Rue d'Alésia, 75014 Paris, France;48.82703;2.3371
Space Invader PA_0515;PA_0515;PA; 278 rue du Faubourg Saint-Antoine, Paris, France;278 Rue du Faubourg Saint-Antoine, 75012 Paris, France;48.84848;2.39362
Space Invader PA_1095;PA_1095;PA; 18ter rue Jaucourt, Paris, France;18TER Rue Jaucourt, 75012 Paris, France;48.84743;2.39506
Space Invader PA_1135;PA_1135;PA; 36 rue Tillier, Paris, France;Rue Claude Tillier, 75012 Paris, France;48.84834;2.38824
Space Invader PA_1158;PA_1158;PA; 33 boulevard de Charonne, Paris, France;33 Boulevard de Charonne, 75011 Paris, France;48.85111;2.39818
Space Invader PA_1267;PA_1267;PA; 2 avenue de Bouvines, Paris, France;Avenue de Bouvines, 75011 Paris, France;48.8502;2.39631
Space Invader PA_0578;PA_0578;PA; 3 place Henri Queuille, Paris, France;Place Henri Queuille, 75015 Paris, France;48.84511;2.31109
Space Invader PA_1197;PA_1197;PA; 6 rue de l'Arrivée, Paris, France;6 Rue de l'Arrivée, 75015 Paris, France;48.84387;2.3224
Space Invader PA_0388;PA_0388;PA; Gare Montparnasse, Paris, France;Gare Montparnasse, Paris, France;48.84000015;2.318610907
Space Invader PA_1111;PA_1111;PA; 80 avenue Charles de Gaulle, Paris, France;80 Avenue Charles de Gaulle, 92200 Neuilly-sur-Seine, France;48.88176;2.271
Space Invader PA_1259;PA_1259;PA; 39 boulevard Albert 1er, Paris, France;39 Boulevard Albert 1er, 44600 Saint-Nazaire, France;47.26591;-2.22392
Space Invader PA_1271;PA_1271;PA; Square de la Fontaine, Paris, France;Square La Fontaine, 75016 Paris, France;48.8507;2.27206
Space Invader PA_0631;PA_0631;PA; entrée Nord de l'Opéra, Paris, France;Rue de Paris, 72000 Le Mans, France;48.00438;0.19872
Space Invader PA_0552;PA_0552;PA; 3 rue Auber, Paris, France;3 Rue Auber, 75009 Paris, France;48.87166;2.33026
Space Invader PA_1126;PA_1126;PA; 27 place de la Madeleine, Paris, France;27 Place de la Madeleine, 75008 Paris, France;48.87116;2.3243999
Space Invader PA_0124;PA_0124;PA; 40 rue de l'Arcade, Paris, France;40 Rue de l'Arcade, 75008 Paris, France;48.87348;2.32444
Space Invader PA_0563;PA_0563;PA; 2 place du Palais Royal, Paris, France;2 Place du Palais-Royal, 75001 Paris, France;48.86237;2.33732
Space Invader PA_0582;PA_0582;PA; 14 rue Villedo, Paris, France;Rue Villedo, 75001 Paris, France;48.86624;2.33632
Space Invader PA_0893;PA_0893;PA; 6 rue des Pyramides, Paris, France;6 Rue des Pyramides, 75001 Paris, France;48.86426;2.33259
Space Invader PA_0860;PA_0860;PA; 1 rue de l'Oratoire, Paris, France;1 Rue de l'Oratoire, 75001 Paris, France;48.86145;2.33993
Space Invader PA_1040;PA_1040;PA; 32 rue Saint-Roch, Paris, France;32 Rue Saint-Roch, 75001 Paris, France;48.86645;2.33305
Space Invader PA_1140;PA_1140;PA; 10 rue Villedo, Paris, France;10 Rue Villedo, 75001 Paris, France;48.8664599;2.33607
Space Invader PA_1100;PA_1100;PA; à gauche de la Fontaine Molière, Paris, France;Chemin Molière et La Fontaine, 75020 Paris, France;48.86067;2.39475
Space Invader PA_0775;PA_0775;PA; 4 place des Victoires, Paris, France;4 Place des Victoires, 75001 Paris, France;48.86578;2.34063
Space Invader PA_1262;PA_1262;PA; 7 rue du Bouloi, Paris, France;7 Rue du Bouloi, 75001 Paris, France;48.86354;2.34054
Space Invader PA_1269;PA_1269;PA; 28 rue Sainte-Anne, Paris, France;28 Rue Sainte-Anne, 75001 Paris, France;48.86629;2.3356
Space Invader PA_1138;PA_1138;PA; 112 avenue du Général Leclerc, Paris, France;112 Avenue du Général Leclerc, 75014 Paris, France;48.82562;2.32588
Space Invader PA_0414;PA_0414;PA; 2 rue du 11 Novembre 1918, Paris, France;2 Place du 11 Novembre 1918, 75010 Paris, France;48.876186;2.3589002
Space Invader PA_0317;PA_0317;PA; devant la Fondation Cartier, Paris, France;Fondation Cartier Pour L Art Contemporain, Paris, France;48.83729935;2.331899881
Space Invader PA_0850;PA_0850;PA; 1 rue Poinsot, Paris, France;Rue Poinsot, 75014 Paris, France;48.84104;2.3234
Space Invader PA_0347;PA_0347;PA; passage des Épinettes, Paris, France;Passage des Épinettes, 75014 Paris, France;48.84296;2.3253
Space Invader PA_0258;PA_0258;PA; 29 avenue de Lamballe, Paris, France;29 Avenue de Lamballe, 75016 Paris, France;48.85439;2.27883
Space Invader PA_1038;PA_1038;PA; 5 rue Pajou, Paris, France;5 Rue Pajou, 75016 Paris, France;48.85683;2.27305
Space Invader PA_0478;PA_0478;PA; pont du Rouelle, Paris, France;Paris, Paris, France;48.85720825;2.341439962
Space Invader PA_1223;PA_1223;PA; 1 place de Passy, Paris, France;1 Place de Passy, 75016 Paris, France;48.85787;2.27759
Space Invader PA_0848;PA_0848;PA; 1 rue de l'Armorique, Paris, France;Rue de l'Armorique, 75015 Paris, France;48.83949;2.31472
Space Invader PA_1196;PA_1196;PA; 2 impasse Mathieu, Paris, France;2 Impasse Mathieu, 75015 Paris, France;48.84114;2.31327
Space Invader PA_0834;PA_0834;PA; entrée du Père Lachaise, Paris, France;Avenue du Père Lachaise, 75020 Paris, France;48.8641;2.39778
Space Invader PA_1027;PA_1027;PA; Cité Aubry, Paris, France;Cité Aubry, 75020 Paris, France;48.85751;2.3957799
Space Invader PA_0715;PA_0715;PA; 3 Cité Aubry, Paris, France;3 Cité Aubry, 75020 Paris, France;48.8574;2.39538
Space Invader PA_0827;PA_0827;PA; 1 bis rue des Rondonneaux, Paris, France;1BIS Rue des Rondonneaux, 75020 Paris, France;48.86331;2.3995
Space Invader PA_0822;PA_0822;PA; 2 rue de Lesseps, Paris, France;2 Rue de Lesseps, 75020 Paris, France;48.85841;2.40072
Space Invader PA_0332;PA_0332;PA; 41 rue du Repos sous la plaque du cimètière, Paris, France;41 Rue du Repos, 75020 Paris, France;48.85954;2.38954
Space Invader PA_0461;PA_0461;PA; 5-7 rue Charles Renouvier, Paris, France;Rue Charles Renouvier, 75020 Paris, France;48.86175;2.40026
Space Invader PA_0421;PA_0421;PA; 71 rue des Rondeaux, Paris, France;71 Rue des Rondeaux, 75020 Paris, France;48.86405;2.39658
Space Invader PA_0661;PA_0661;PA; 41 rue Ampère, Paris, France;41 Rue Ampère, 75017 Paris, France;48.88516;2.30294
Space Invader PA_1164;PA_1164;PA; 130 avenue de Wagram, Paris, France;130 Avenue de Wagram, 75017 Paris, France;48.88512;2.30364
Space Invader PA_1168;PA_1168;PA; 1 rue Verniquet, Paris, France;1 Rue Verniquet, 75017 Paris, France;48.8868099;2.30042
Space Invader PA_1202;PA_1202;PA; 129 avenue de Wagram, Paris, France;129 Avenue de Wagram, 75017 Paris, France;48.88317;2.30163
Space Invader PA_1025;PA_1025;PA; 5 place Saint-Augustin, Paris, France;5 Place Saint-Augustin, 75008 Paris, France;48.8751;2.3192499
Space Invader PA_0942;PA_0942;PA; 2 passage Foubert, Paris, France;2 Passage Foubert, 75013 Paris, France;48.82576;2.35271
Space Invader PA_0875;PA_0875;PA; 2 rue des Peupliers, Paris, France;2 Rue des Peupliers, 75013 Paris, France;48.82543;2.35379
Space Invader PA_0426;PA_0426;PA; face au pavillon d'Italie, Paris, France;Paris, Paris, France;48.85720825;2.341439962
Space Invader PA_1199;PA_1199;PA; Poterne des Peupliers, Paris, France;Paris, Paris, France;48.85720825;2.341439962
Space Invader PA_1120;PA_1120;PA; 84 rue de Picpus, Paris, France;84 Rue de Picpus, 75012 Paris, France;48.84097;2.39889
Space Invader PA_1131;PA_1131;PA; place Felix Éboué, Paris, France;Place Félix Éboué, 75012 Paris, France;48.83955;2.39619
Space Invader PA_0154;PA_0154;PA; métro de Bel-Air, Paris, France;Avenue du Bel-Air, 75012 Paris, France;48.84688;2.39731
Space Invader PA_0434;PA_0434;PA; 19 rue Lamblardie, Paris, France;19 Rue Lamblardie, 75012 Paris, France;48.8408;2.39814
Space Invader PA_0080;PA_0080;PA; 5 rue Ballu, Paris, France;5 Rue Ballu, 75009 Paris, France;48.88159;2.33103
Space Invader PA_0858;PA_0858;PA; 1 rue la Bruyère, Paris, France;1 Rue La Bruyère, 75009 Paris, France;48.87882;2.33686
Space Invader PA_0865;PA_0865;PA; 53 rue Blanche, Paris, France;53 Rue Blanche, 75009 Paris, France;48.88121;2.33148
Space Invader PA_0864;PA_0864;PA; 32 place Saint-Georges, Paris, France;Place Saint-Georges, 75009 Paris, France;48.87836;2.33759
Space Invader PA_0900;PA_0900;PA; place Pigalle, Paris, France;Place Pigalle, Paris, France;48.88199615;2.336944103
Space Invader PA_0866;PA_0866;PA; 0 rue Paul Escudier, Paris, France;Rue Paul Escudier, 75009 Paris, France;48.88053;2.33225
Space Invader PA_0342;PA_0342;PA; 19 rue Laferrière, Paris, France;19 Rue Laferrière, 75009 Paris, France;48.87904;2.33705
Space Invader PA_0498;PA_0498;PA; 64 rue de la Rochefoucauld, Paris, France;64 Rue de La Rochefoucauld, 75009 Paris, France;48.88075;2.3357199
Space Invader PA_0646;PA_0646;PA; porte de Vanves, Paris, France;Métro-Porte de Vanves, Paris, France;48.82794952;2.305006027
Space Invader PA_0705;PA_0705;PA; 32 rue de Patay, Paris, France;32 Rue de Patay, 75013 Paris, France;48.82549;2.37484
Space Invader PA_0714;PA_0714;PA; 25 rue Watt, Paris, France;25 Rue Watt, 75013 Paris, France;48.8262002;2.378369
Space Invader PA_0912;PA_0912;PA; pont de Soissons, Paris, France;Soissons, Aisne, France;49.38195038;3.321290016
Space Invader PA_0310;PA_0310;PA; passerelle de la Porte de Saint-Cloud, Paris, France;Métro-Porte de Saint-Cloud, Paris, France;48.83779144;2.256160021
Space Invader PA_0195;PA_0195;PA; avenue de la porte Clignancourt, Paris, France;Avenue de la Porte de Clignancourt, 75018 Paris, France;48.8999499;2.3439199
Space Invader PA_0072;PA_0072;PA; rue Charles Luizet, Paris, France;Rue Charles Luizet, 75011 Paris, France;48.86166;2.36732
Space Invader PA_0754;PA_0754;PA; 59bis rue Popincourt, Paris, France;59BIS Rue Popincourt, 75011 Paris, France;48.86021;2.37546
Space Invader PA_0818;PA_0818;PA; 68 rue Saint-Sabin, Paris, France;68 Rue Saint-Sabin, 75011 Paris, France;48.85964;2.3685299
Space Invader PA_0861;PA_0861;PA; 30 passage Saint-Sebastien, Paris, France;30 Passage Saint-Sébastien, 75011 Paris, France;48.86187;2.37031
Space Invader PA_0472;PA_0472;PA; 11Z rue Gaby Sylvia, Paris, France;Rue Gaby Sylvia, 75011 Paris, France;48.85899;2.37099
Space Invader PA_0194;PA_0194;PA; 61 rue du Chemin Vert, Paris, France;61 Rue du Chemin Vert, 75011 Paris, France;48.85994;2.37729
Space Invader PA_1201;PA_1201;PA; 14 rue Ternaux, Paris, France;14 Rue Ternaux, 75011 Paris, France;48.86438;2.37331
Space Invader PA_1244;PA_1244;PA; 4 rue Oberkampf, Paris, France;4 Rue Oberkampf, 75011 Paris, France;48.86268;2.36753
Space Invader PA_1187;PA_1187;PA; 89 rue André Joineau, Paris, France;89 Rue André Joineau, 93310 Le Pré-Saint-Gervais, France;48.88214;2.40273
Space Invader PA_0014;PA_0014;PA; 59 avenue Ledru-Rollin, Paris, France;59 Avenue Ledru-Rollin, 75012 Paris, France;48.84893;2.37276
Space Invader PA_0175;PA_0175;PA; 18 passage du Chantier, Paris, France;18 Passage du Chantier, 75012 Paris, France;48.85151;2.37352
Space Invader PA_0301;PA_0301;PA; 44 rue de Charenton, Paris, France;44 Rue de Charenton, 75012 Paris, France;48.85025;2.37346
Space Invader PA_1056;PA_1056;PA; 0 rue Montgallet, Paris, France;Rue Montgallet, 75012 Paris, France;48.84347;2.38771
Space Invader PA_1008;PA_1008;PA; 75 rue de Richelieu, Paris, France;Rue de Richelieu, Paris, France;48.86804581;2.338371038
Space Invader PA_0404;PA_0404;PA; face au 2 place de la Bourse, Paris, France;2 Place de la Bourse, 75002 Paris, France;48.86958;2.34211
Space Invader PA_1058;PA_1058;PA; 24 rue des Petits Champs, Paris, France;24 Rue des Petits-Champs, 75002 Paris, France;48.86691;2.33643
Space Invader PA_0894;PA_0894;PA; 11 rue Saint-Augustin, Paris, France;11 Rue Saint-Augustin, 75002 Paris, France;48.86882;2.33708
Space Invader PA_1177;PA_1177;PA; Agence France Presse, Paris, France;France;46.62184525;2.451948881
Space Invader PA_1210;PA_1210;PA; 3 rue Saint-Augustin, Paris, France;3 Rue Saint-Augustin, 75002 Paris, France;48.86885;2.33781
Space Invader PA_0095;PA_0095;PA; 65 rue Richelieu, Paris, France;65 Rue de Richelieu, 75002 Paris, France;48.8672899;2.33759
Space Invader PA_1255;PA_1255;PA; 5 place des Petits Pères, Paris, France;5 Place des Petits-Pères, 75002 Paris, France;48.8665446;2.3408028
Space Invader PA_0553;PA_0553;PA; 74 rue des Martyrs, Paris, France;74 Rue des Martyrs, 75018 Paris, France;48.88254;2.33975
Space Invader PA_0770;PA_0770;PA; 6 rue de la Tour d'Auvergne, Paris, France;6 Rue de la Tour d'Auvergne, 75009 Paris, France;48.87886;2.3451
Space Invader PA_1176;PA_1176;PA; 5 rue Rodier, Paris, France;5 Rue Rodier, 75009 Paris, France;48.87749;2.34227
Space Invader PA_1175;PA_1175;PA; 2 rue Rodier, Paris, France;2 Rue Rodier, 75009 Paris, France;48.87738;2.3424
Space Invader PA_1012;PA_1012;PA; 32 rue de Rochechouart, Paris, France;32 Rue de Rochechouart, 75009 Paris, France;48.8786;2.34531
Space Invader PA_1229;PA_1229;PA; 62 rue Lamartine, Paris, France;62 Rue Lamartine, 75009 Paris, France;48.87672;2.33956
Space Invader PA_1275;PA_1275;PA; 12 place d'Anvers, Paris, France;12 Place d'Anvers, 75009 Paris, France;48.88257;2.34471
Space Invader PA_0752;PA_0752;PA; 14 boulevard Edouard Branly, Paris, France;14 Boulevard Édouard Branly, 93230 Romainville, France;48.87612;2.44097
Space Invader PA_0920;PA_0920;PA; 41 boulevard Edouard Branly, Paris, France;41 Boulevard Édouard Branly, 93230 Romainville, France;48.87467;2.44091
Space Invader PA_0277;PA_0277;PA; 31 rue de Charonne, Paris, France;31 Rue de Charonne, 75011 Paris, France;48.85337;2.37581
Space Invader PA_0697;PA_0697;PA; 14 boulevard Richard Lenoir, Paris, France;14 Boulevard Richard Lenoir, 75011 Paris, France;48.85496;2.37039
Space Invader PA_0718;PA_0718;PA; 39 rue Basfroi, Paris, France;39 Rue Basfroi, 75011 Paris, France;48.8556781;2.3784956
Space Invader PA_0117;PA_0117;PA; 31 passage Thiéré sur le trottoir, Paris, France;Paris, Paris, France;48.85720825;2.341439962
Space Invader PA_0837;PA_0837;PA; 53bis rue de la Roquette, Paris, France;53BIS Rue de la Roquette, 75011 Paris, France;48.85587;2.37514
Space Invader PA_0879;PA_0879;PA; 22 rue Saint-Sabin, Paris, France;22 Rue Saint-Sabin, 75011 Paris, France;48.85595;2.37147
Space Invader PA_0836;PA_0836;PA; 11 passage Thiéré, Paris, France;11 Passage Thiéré, 75011 Paris, France;48.8539;2.37383
Space Invader PA_1185;PA_1185;PA; 59 rue de Charonne, Paris, France;59 Rue de Charonne, 75011 Paris, France;48.85343;2.3793
Space Invader PA_0465;PA_0465;PA; 114 rue de la Roquette, Paris, France;114 Rue de la Roquette, 75011 Paris, France;48.85694;2.3785
Space Invader PA_1258;PA_1258;PA; 13 rue de la Roquette, Paris, France;13 Rue de la Roquette, 75011 Paris, France;48.8542;2.37112
Space Invader PA_0028;PA_0028;PA; face au 5 rue Keller, Paris, France;5 Rue Keller, 75011 Paris, France;48.85382;2.37649
Space Invader PA_1118;PA_1118;PA; boulevard Gabriel Péri sous le périph', Paris, France;Avenue Gabriel, 75008 Paris, France;48.86833;2.31608
Space Invader PA_0971;PA_0971;PA; 1 rue du Saint-Gothard, Paris, France;1 Rue du Saint-Gothard, 75014 Paris, France;48.83012;2.33507
Space Invader PA_0391;PA_0391;PA; 114 quai de Bercy, Paris, France;114 Quai de Bercy, 75012 Paris, France;48.83178;2.38531
Space Invader PA_0983;PA_0983;PA; rue Mondoville, Paris, France;Rue Mondonville, 75020 Paris, France;48.86596;2.40675
Space Invader PA_1066;PA_1066;PA; McDo de la porte de Bagnolet, Paris, France;Porte de Bagnolet, Paris, France;48.8645668;2.407278061
Space Invader PA_0677;PA_0677;PA; 46 rue de Seine, Paris, France;46 Rue de Seine, 75006 Paris, France;48.85476;2.33679
Space Invader PA_0678;PA_0678;PA; 6 rue de Seine, Paris, France;6 Rue de Seine, 75006 Paris, France;48.8572;2.3363999
Space Invader PA_0455;PA_0455;PA; 48 rue Mazarine, Paris, France;48 Rue Mazarine, 75006 Paris, France;48.85512;2.33775
Space Invader PA_0802;PA_0802;PA; 27 rue du Four, Paris, France;27 Rue du Four, 75006 Paris, France;48.85261;2.3338199
Space Invader PA_0005;PA_0005;PA; 25 rue Guisarde, Paris, France;25 Rue Guisarde, 75006 Paris, France;48.85179;2.33383
Space Invader PA_0798;PA_0798;PA; 184 boulevard Saint-Germain, Paris, France;184 Boulevard Saint-Germain, 75006 Paris, France;48.85445;2.33121
Space Invader PA_1059;PA_1059;PA; 54 rue de Seine, Paris, France;54 Rue de Seine, 75006 Paris, France;48.85424;2.33685
Space Invader PA_0673;PA_0673;PA; 1 rue de l'Ancienne Comédie, Paris, France;1 Rue de l'Ancienne Comédie, 75006 Paris, France;48.85351;2.33855
Space Invader PA_1075;PA_1075;PA; 158 boulevard Saint-Germain, Paris, France;158 Boulevard Saint-Germain, 75006 Paris, France;48.85323;2.33617
Space Invader PA_0006;PA_0006;PA; 40 rue de Seine, Paris, France;40 Rue de Seine, 75006 Paris, France;48.85508;2.33674
Space Invader PA_1190;PA_1190;PA; 2 rue Princesse Leia, Paris, France;2 Rue Princesse, 75006 Paris, France;48.85264;2.33437
Space Invader PA_0365;PA_0365;PA; 268 rue de Vaugirard, Paris, France;268 Rue de Vaugirard, 75015 Paris, France;48.83926;2.3001
Space Invader PA_0596;PA_0596;PA; 85 rue de la Croix Nivert, Paris, France;85 Rue de la Croix-Nivert, 75015 Paris, France;48.8434;2.29568
Space Invader PA_0846;PA_0846;PA; 4 rue de Réaumur, Paris, France;4 Rue Réaumur, 75003 Paris, France;48.8648499;2.35941
Space Invader PA_1065;PA_1065;PA; 59 rue au Maire (Simpson), Paris, France;59 Rue au Maire, 75003 Paris, France;48.86497;2.35455
Space Invader PA_1046;PA_1046;PA; 22 rue Réaumur, Paris, France;22 Rue Réaumur, 75003 Paris, France;48.86512;2.35845
Space Invader PA_0956;PA_0956;PA; 5 rue Papin, Paris, France;5 Rue Papin, 75003 Paris, France;48.86687;2.3534099
Space Invader PA_0496;PA_0496;PA; 51 boulevard Saint-Martin, Paris, France;51 Boulevard Saint-Martin, 75003 Paris, France;48.86872;2.35615
Space Invader PA_0193;PA_0193;PA; 29 rue de Réaumur, Paris, France;29 Rue Réaumur, 75003 Paris, France;48.86527;2.35648
Space Invader PA_1266;PA_1266;PA; 41 rue Volta, Paris, France;41 Rue Volta, 75003 Paris, France;48.86663;2.35794
Space Invader PA_1281;PA_1281;PA; 2 rue des Fontaines du Temple, Paris, France;2 Rue des Fontaines du Temple, 75003 Paris, France;48.86548;2.3601899
Space Invader PA_0280;PA_0280;PA; 8 rue Spinoza, Paris, France;8 Rue Spinoza, 75011 Paris, France;48.86379;2.38596
Space Invader PA_0081;PA_0081;PA; 88 rue Saint-Maur, Paris, France;88 Rue Saint-Maur, 75011 Paris, France;48.86493;2.37793
Space Invader PA_1222;PA_1222;PA; 90 avenue de la République, Paris, France;90 Avenue de la République, 75011 Paris, France;48.86398;2.38051
Space Invader PA_1277;PA_1277;PA; 52 rue Jean-Pierre Timbaud, Paris, France;52 Rue Jean-Pierre Timbaud, 75011 Paris, France;48.86648;2.37303
Space Invader PA_0569;PA_0569;PA; passerelle de Charentonneau, Paris, France;Paris, Paris, France;48.85720825;2.341439962
Space Invader PA_0044;PA_0044;PA; 2 rue de l'Ancienne Comédie, Paris, France;2 Rue de l'Ancienne Comédie, 75006 Paris, France;48.8535899;2.33829
Space Invader PA_0556;PA_0556;PA; 2 rue de l'Hôtel Colbert, Paris, France;2 Rue de l'Hôtel-Colbert, 75005 Paris, France;48.85188;2.34898
Space Invader PA_0764;PA_0764;PA; 28 rue Serpente, Paris, France;28 Rue Serpente, 75006 Paris, France;48.85246;2.3415499
Space Invader PA_0873;PA_0873;PA; rue du Chat qui Pèche, Paris, France;Rue du Chat-qui-Pêche, Paris, France;48.85305786;2.346111059
Space Invader PA_1051;PA_1051;PA; 22 rue Dauphine, Paris, France;22 Rue Dauphine, 75006 Paris, France;48.85514;2.33955
Space Invader PA_0184;PA_0184;PA; 2 rue Mignon, Paris, France;2 Rue Mignon, 75006 Paris, France;48.85218;2.34161
Space Invader PA_1086;PA_1086;PA; 2 rue des Anglais, Paris, France;2 Rue des Anglais, 75005 Paris, France;48.85101;2.34794
Space Invader PA_1087;PA_1087;PA; 1 rue de la Huchette, Paris, France;1 Rue de la Huchette, 75005 Paris, France;48.85276;2.34647
Space Invader PA_0795;PA_0795;PA; 8 cour du Commerce Saint-André, Paris, France;8 Cour du Commerce Saint-André, 75006 Paris, France;48.85265;2.33929
Space Invader PA_1107;PA_1107;PA; place Saint-André des Arts, Paris, France;Place Saint-André-des-Arts, 75006 Paris, France;48.85328;2.34279
Space Invader PA_0155;PA_0155;PA; 16 rue des Trois Portes, Paris, France;16 Rue des 3 Portes, 75005 Paris, France;48.8513499;2.34829
Space Invader PA_0392;PA_0392;PA; 35 quai des Grands Augustins, Paris, France;35 Quai des Grands-Augustins, 75006 Paris, France;48.8546;2.34234
Space Invader PA_1200;PA_1200;PA; 35 rue de la Bûcherie, Paris, France;35 Rue de la Bûcherie, 75005 Paris, France;48.85257;2.34718
Space Invader PA_0913;PA_0913;PA; 42 avenue Michelet, Paris, France;42 Avenue du Général Michel Bizot, 75012 Paris, France;48.83408;2.40023
Space Invader PA_0690;PA_0690;PA; 12 rue Jean-Henri Fabre, Paris, France;Rue Jean-Henri Fabre, 75018 Paris, France;48.90117;2.33959
Space Invader PA_0418;PA_0418;PA; 139 avenue Michelet, Paris, France;139 Avenue Michelet, 93400 Saint-Ouen, France;48.90184;2.34418
Space Invader PA_0420;PA_0420;PA; 45 rue Anselme, Paris, France;Place Robert Antelme, 75013 Paris, France;48.82895;2.37876
Space Invader PA_0106;PA_0106;PA; 2 rue Charlemagne, Paris, France;2 Rue Charlemagne, 75004 Paris, France;48.85392;2.36188
Space Invader PA_0710;PA_0710;PA; 7 rue de Lesdiguières, Paris, France;7 Rue de Lesdiguières, 75004 Paris, France;48.85286;2.36681
Space Invader PA_0398;PA_0398;PA; 1 pont Morland, Paris, France;Paris, Paris, France;48.85720825;2.341439962
Space Invader PA_0816;PA_0816;PA; ancienne gare maritime Sully-Morland, Paris, France;Sully - Morland, Paris, France;48.85142517;2.361893892
Space Invader PA_0925;PA_0925;PA; 17 boulevard Morland, Paris, France;17 Boulevard Morland, 75004 Paris, France;48.84999;2.36327
Space Invader PA_1153;PA_1153;PA; 87 rue Saint-Antoine, Paris, France;87 Rue Saint-Antoine, 75004 Paris, France;48.85464;2.3624299
Space Invader PA_0704;PA_0704;PA; 17 rue de la Cerisaie, Paris, France;17 Rue de la Cerisaie, 75004 Paris, France;48.85197;2.36578
Space Invader PA_1152;PA_1152;PA; village Saint-Paul, Paris, France;Métro-Saint-Paul, Paris, France;48.85523987;2.360616922
Space Invader PA_071,;PA_071,;PA;5 rue de Fourcy, Paris, France;5 Rue de Fourcy, 75004 Paris, France;48.8549;2.35912
Space Invader PA_0636;PA_0636;PA; 32 rue de Poissy, Paris, France;32 Rue de Poissy, 75005 Paris, France;48.84803;2.35169
Space Invader PA_0401;PA_0401;PA; fontaine de Cuvier, Paris, France;Paris, Paris, France;48.85720825;2.341439962
Space Invader PA_0495;PA_0495;PA; 17 rue de Navarre, Paris, France;Rue de Navarre, 75005 Paris, France;48.8444;2.35339
Space Invader PA_0529;PA_0529;PA; 15 rue de Pontoise, Paris, France;Rue de Pontoise, 75005 Paris, France;48.84952;2.35173
Space Invader PA_1241;PA_1241;PA; 1 quai de la Tournelle, Paris, France;1 Quai de la Tournelle, 75005 Paris, France;48.84959;2.35577
Space Invader PA_1245;PA_1245;PA; pont de la Tournelle, Paris, France;Pont de la Tournelle, Paris, France;48.85027695;2.355000019
Space Invader PA_1273;PA_1273;PA; 39 rue Linné, Paris, France;39 Rue Linné, 75005 Paris, France;48.84598;2.35435
Space Invader PA_1104;PA_1104;PA; 68 rue Jenner, Paris, France;Rue Jenner, 75013 Paris, France;48.8354;2.36208
Space Invader PA_1205;PA_1205;PA; bâtiment Marguerite Bottard, Paris, France;Paris, Paris, France;48.85720825;2.341439962
Space Invader PA_1240;PA_1240;PA; 114 boulevard Vincent Auriol, Paris, France;114 Boulevard Vincent Auriol, 75013 Paris, France;48.83349;2.36306
Space Invader PA_0977;PA_0977;PA; passage Basfour, Paris, France;Passage Basfour, 75002 Paris, France;48.8661699;2.35142
Space Invader PA_0859;PA_0859;PA; 1 rue de la Lune, Paris, France;1 Rue de la Lune, 75002 Paris, France;48.8696551;2.3517598
Space Invader PA_0841;PA_0841;PA; 4 rue Marie Stuart, Paris, France;4 Rue Marie Stuart, 75002 Paris, France;48.86502;2.34835
Space Invader PA_0800;PA_0800;PA; 56bis rue du Louvre, Paris, France;56BIS Rue du Louvre, 75002 Paris, France;48.8656099;2.34341
Space Invader PA_0328;PA_0328;PA; 40 rue Etienne Marcel, Paris, France;40 Rue Étienne Marcel, 75002 Paris, France;48.86512;2.34422
Space Invader PA_1165;PA_1165;PA; 48 rue du Caire, Paris, France;48 Rue du Caire, 75002 Paris, France;48.8680499;2.34885
Space Invader PA_0231;PA_0231;PA; 1 rue Tiquetonne, Paris, France;1 Rue Tiquetonne, 75002 Paris, France;48.86428;2.34995
Space Invader PA_0061;PA_0061;PA; 2 rue des Petits Carreaux, Paris, France;2 Rue des Petits-Carreaux, 75002 Paris, France;48.86639;2.34726
Space Invader PA_0462;PA_0462;PA; 44 rue de Cléry, Paris, France;44 Rue de Cléry, 75002 Paris, France;48.8683;2.34739
Space Invader PA_0506;PA_0506;PA; square Pierre Lazareff, Paris, France;Square Pierre Lazareff, 75002 Paris, France;48.86715;2.34768
Space Invader PA_0655;PA_0655;PA; 34 rue Debelleyme, Paris, France;34 Rue Debelleyme, 75003 Paris, France;48.86213;2.36364
Space Invader PA_0575;PA_0575;PA; 22 rue de Poitou, Paris, France;22 Rue de Poitou, 75003 Paris, France;48.8616;2.36298
Space Invader PA_0083;PA_0083;PA; fontaine Boucherat, Paris, France;Paris, Paris, France;48.85720825;2.341439962
Space Invader PA_0746;PA_0746;PA; 79 rue Charlot, Paris, France;79 Rue Charlot, 75003 Paris, France;48.86444;2.3642599
Space Invader PA_1033;PA_1033;PA; 1 boulevard des Filles du Calvaire, Paris, France;1 Boulevard des Filles du Calvaire, 75003 Paris, France;48.86112;2.36695
Space Invader PA_0955;PA_0955;PA; 12 rue Béranger, Paris, France;12 Rue Béranger, 75003 Paris, France;48.86588;2.36393
Space Invader PA_0820;PA_0820;PA; 10 rue de Bretagne, Paris, France;10 Rue de Bretagne, 75003 Paris, France;48.86248;2.3635799
Space Invader PA_0959;PA_0959;PA; 1 rue du Forez, Paris, France;1 Rue du Forez, 75003 Paris, France;48.86374;2.36282
Space Invader PA_1094;PA_1094;PA; 132 rue Vieille du Temple, Paris, France;132 Rue Vieille-du-Temple, 75003 Paris, France;48.8617599;2.36432
Space Invader PA_0376;PA_0376;PA; 28 rue de Poitou, Paris, France;28 Rue de Poitou, 75003 Paris, France;48.86166;2.36255
Space Invader PA_1064;PA_1064;PA; 16 rue Froissart, Paris, France;Rue Froissart, 75003 Paris, France;48.86163;2.3658199
Space Invader PA_0963;PA_0963;PA; 41 boulevard du Temple, Paris, France;41 Boulevard du Temple, 75003 Paris, France;48.86624;2.36458
Space Invader PA_0517;PA_0517;PA; 13 rue Froissart, Paris, France;13 Rue Froissart, 75003 Paris, France;48.86166;2.3654099
Space Invader PA_0429;PA_0429;PA; 22 avenue Carnot, Paris, France;22 Avenue Carnot, 75017 Paris, France;48.87644;2.29303
Space Invader PA_0916;PA_0916;PA; 14 rue Bayen, Paris, France;14 Rue Bayen, 75017 Paris, France;48.87953;2.29493
Space Invader PA_0885;PA_0885;PA; 36 rue Brey, Paris, France;36 Rue Brey, 75017 Paris, France;48.87738;2.2947099
Space Invader PA_0664;PA_0664;PA; 31 rue des Acacias, Paris, France;31 Rue des Acacias, 75017 Paris, France;48.87722;2.29229
Space Invader PA_0917;PA_0917;PA; 2 rue de Fourcroy, Paris, France;2 Rue Fourcroy, 75017 Paris, France;48.87982;2.2950499
Space Invader PA_1182;PA_1182;PA; 22 rue Guersant, Paris, France;22 Rue Guersant, 75017 Paris, France;48.88079;2.29014
Space Invader PA_0475;PA_0475;PA; 2 avenue de la Grande Armée, Paris, France;2 Avenue de la Grande Armée, 75017 Paris, France;48.87437;2.29333
Space Invader PA_1251;PA_1251;PA; 8 place Tristan Bernard, Paris, France;Place Tristan Bernard, 75017 Paris, France;48.87909;2.29099
Space Invader PA_1253;PA_1253;PA; 1 rue du Boccador, Paris, France;1 Rue du Boccador, 75008 Paris, France;48.86602;2.3036
Space Invader PA_1254;PA_1254;PA; 23 rue Marbeuf, Paris, France;23 Rue Marbeuf, 75008 Paris, France;48.86881;2.30376
Space Invader PA_0679;PA_0679;PA; 1 rue de l'Arbalète, Paris, France;1 Rue de l'Arbalète, 75005 Paris, France;48.84043;2.35037
Space Invader PA_0765;PA_0765;PA; 17 rue de l'Estrapade, Paris, France;17 Rue de l'Estrapade, 75005 Paris, France;48.84476;2.34647
Space Invader PA_0766;PA_0766;PA; 97 rue Mouffetard, Paris, France;97 Rue Mouffetard, 75005 Paris, France;48.84127;2.34972
Space Invader PA_0557;PA_0557;PA; 282 rue Saint-Jacques, Paris, France;282 Rue Saint-Jacques, 75005 Paris, France;48.84162;2.34107
Space Invader PA_0151;PA_0151;PA; 28 rue Lhomond, Paris, France;28 Rue Lhomond, 75005 Paris, France;48.84296;2.34688
Space Invader PA_1189;PA_1189;PA; 43 rue Lacépède, Paris, France;Rue Jean-François Lépine, 75018 Paris, France;48.8861;2.35826
Space Invader PA_1132;PA_1132;PA; 26 rue Coriolis, Paris, France;26 Rue Coriolis, 75012 Paris, France;48.83631;2.39087
Space Invader PA_0559;PA_0559;PA; 1 rue Raoul, Paris, France;1 Rue Raoul, 75012 Paris, France;48.83874;2.39638
Space Invader PA_0558;PA_0558;PA; 45 rue de la Brèche aux Loups, Paris, France;45 Rue de la Brèche aux Loups, 75012 Paris, France;48.83863;2.39591
Space Invader PA_1174;PA_1174;PA; 14 rue des Fonds-Verts, Paris, France;14 Rue des Fonds-Verts, 75012 Paris, France;48.83697;2.39115
Space Invader PA_0488;PA_0488;PA; 79 rue de Wattignies, Paris, France;79 Rue de Wattignies, 75012 Paris, France;48.83495;2.39994
Space Invader VRS_010;VRS_010;VRS; 48 boulevard de Jardy, Paris, France;48 Boulevard de Jardy, 92420 Vaucresson, France;48.8328599;2.15329
Space Invader PA_0626;PA_0626;PA; 200 rue de la Convention, Paris, France;200 Rue de la Convention, 75015 Paris, France;48.83707;2.29658
Space Invader PA_0247;PA_0247;PA; 1 rue Firmin Gillot, Paris, France;1 Rue Firmin Gillot, 75015 Paris, France;48.8332953;2.2897599
Space Invader PA_0595;PA_0595;PA; 183 rue de Lourmel, Paris, France;183 Rue de Lourmel, 75015 Paris, France;48.83794;2.2819
Space Invader PA_0357;PA_0357;PA; 21 boulevard Lefebvre, Paris, France;21 Boulevard Lefebvre, 75015 Paris, France;48.8320999;2.29021
Space Invader PA_0594;PA_0594;PA; place Balard, Paris, France;Place Balard, 75015 Paris, France;48.83649;2.27845
Space Invader PA_1274;PA_1274;PA; 10 square Desnouettes, Paris, France;10 Square Desnouettes, 75015 Paris, France;48.83486;2.28406
Space Invader PA_0177;PA_0177;PA; 12 rue du 29 Juillet, Paris, France;Rue du 29 Juillet, 75001 Paris, France;48.86493;2.33047
Space Invader PA_0843;PA_0843;PA; 246 rue de Rivoli, Paris, France;Rue de Rivoli, 75001 Paris, France;48.86256;2.33583
Space Invader PA_0359;PA_0359;PA; 45 rue Saint-Roch, Paris, France;45 Rue Saint-Roch, 75001 Paris, France;48.86649;2.3329
Space Invader PA_0952;PA_0952;PA; 4 rue du Chevalier de Saint-Georges, Paris, France;4 Rue du Chevalier de Saint-George, 75001 Paris, France;48.8681;2.32482
Space Invader PA_1215;PA_1215;PA; 3 rue Danielle Casanova, Paris, France;3 Rue Danielle Casanova, 75001 Paris, France;48.8675799;2.33319
Space Invader PA_0652;PA_0652;PA; 25 rue des Sablons, Paris, France;25 Rue des Sablons, 75116 Paris, France;48.86494;2.28292
Space Invader PA_1252;PA_1252;PA; 110 rue Lauriston, Paris, France;110 Rue Lauriston, 75116 Paris, France;48.86602;2.28602
Space Invader PA_0389;PA_0389;PA; 86 rue de Botzaris, Paris, France;86 Rue Botzaris, 75019 Paris, France;48.87943;2.3894
Space Invader PA_0589;PA_0589;PA; 1 rue Melingue, Paris, France;1 Rue Mélingue, 75019 Paris, France;48.87448;2.38612
Space Invader PA_1010;PA_1010;PA; 1 Rue Carducci, Paris, France;1 Rue Carducci, 75019 Paris, France;48.87717;2.38764
Space Invader PA_1015;PA_1015;PA; 29 rue de la Villette, Paris, France;29 Rue de la Villette, 75019 Paris, France;48.87627;2.3875099
Space Invader PA_1016;PA_1016;PA; 34 rue de Crimée, Paris, France;34 Rue de Crimée, 75019 Paris, France;48.87887;2.3904
Space Invader PA_1017;PA_1017;PA; 86 rue de la Villette, Paris, France;86 Rue de la Villette, 75019 Paris, France;48.87883;2.3883
Space Invader PA_1139;PA_1139;PA; 93 rue de Belleville, Paris, France;93 Rue de Belleville, 75019 Paris, France;48.87404;2.3854
Space Invader PA_1282;PA_1282;PA; 106 avenue Auber, Paris, France;106 Avenue Kléber, 75116 Paris, France;48.8650717;2.2885289
